Frame,Link,Parent,X_Position,Y_Position,Z_Position,X_Rotation,Y_Rotation,Z_Rotation,Y_Velocity,X_Velocity,Z_Velocity
1,LinkN0,Robot KUKA LBR Iiwa14,0,0,0,0,0,0,0,0,0
1,LinkN0-Axis,LinkN0,-3.49E-08,0,0.1575000286,0,0,0,0,0,0
1,LinkN1,LinkN0,-3.49E-08,0,0.1575000435,0,0,0,0,0,0
1,LinkN1-Axis,LinkN1,-1.55E-09,4.27E-08,0.3600671887,0,0,0,0,0,0
1,LinkN2,LinkN1,-1.55E-09,-7.72E-05,0.3600672483,0,0,0,0,0,0
1,LinkN2-Axis,LinkN2,-1.55E-09,9.60E-09,0.5645002127,0,0,0,0,0,0
1,LinkN3,LinkN2,-1.55E-09,9.60E-09,0.5645001531,0,0,0,0,0,0
1,LinkN3_Axis,LinkN3,-2.22E-16,0.0005000001984,0.780092299,0,0,0,0,0,0
1,LinkN4,LinkN3,-8.56E-17,-0.0002424090198,0.7800923586,0,0,0,0,0,0
1,LinkN4_Axis,LinkN4,-8.56E-17,1.83E-08,0.9975202084,0,0,0,0,0,0
1,LinkN5,LinkN4,-8.56E-17,1.83E-08,0.9975202084,0,0,0,0,0,0
1,LinkN5_Axis,LinkN5,-8.56E-17,-0.06264996529,1.17999959,0,0,0,0,0,0
1,LinkN6,LinkN5,-4.44E-17,-0.06264998019,1.180000067,0,0,0,0,0,0
1,LinkN6.002,LinkN6,-8.56E-17,1.83E-08,1.260900617,0,0,0,0,0,0
1,LinkN7,LinkN6,-8.56E-17,1.83E-08,1.260900617,0,0,1.397126913,0,0,0
2,LinkN0,Robot KUKA LBR Iiwa14,0,0,0,0,0,0,0,0,0
2,LinkN0-Axis,LinkN0,-3.49E-08,0,0.1575000286,0,0,0,0,0,0
2,LinkN1,LinkN0,-3.49E-08,0,0.1575000435,0,0,0,0,0,0
2,LinkN1-Axis,LinkN1,-1.55E-09,4.27E-08,0.3600671887,0,0,0,0,0,0
2,LinkN2,LinkN1,-1.55E-09,-7.72E-05,0.3600672483,0,-0.008751820773,0,-0.2100436985,0,0
2,LinkN2-Axis,LinkN2,-1.55E-09,9.60E-09,0.5645002127,0,0,0,0,0,0
2,LinkN3,LinkN2,-1.55E-09,9.60E-09,0.5645001531,0,0,0,0,0,0
2,LinkN3_Axis,LinkN3,-2.22E-16,0.0005000001984,0.780092299,0,0,0,0,0,0
2,LinkN4,LinkN3,-8.56E-17,-0.0002424090198,0.7800923586,0,0,0,0,0,0
2,LinkN4_Axis,LinkN4,-8.56E-17,1.83E-08,0.9975202084,0,0,0,0,0,0
2,LinkN5,LinkN4,-8.56E-17,1.83E-08,0.9975202084,0,0,0,0,0,0
2,LinkN5_Axis,LinkN5,-8.56E-17,-0.06264996529,1.17999959,0,0,0,0,0,0
2,LinkN6,LinkN5,-4.44E-17,-0.06264998019,1.180000067,0,0,0,0,0,0
2,LinkN6.002,LinkN6,-8.56E-17,1.83E-08,1.260900617,0,0,0,0,0,0
2,LinkN7,LinkN6,-8.56E-17,1.83E-08,1.260900617,0,0,1.397126913,0,0,0
3,LinkN0,Robot KUKA LBR Iiwa14,0,0,0,0,0,0,0,0,0
3,LinkN0-Axis,LinkN0,-3.49E-08,0,0.1575000286,0,0,0,0,0,0
3,LinkN1,LinkN0,-3.49E-08,0,0.1575000435,0,0,0,0,0,0
3,LinkN1-Axis,LinkN1,-1.55E-09,4.27E-08,0.3600671887,0,0,0,0,0,0
3,LinkN2,LinkN1,-1.55E-09,-7.72E-05,0.3600672483,0,-0.03321805224,0,-0.5871895552,0,0
3,LinkN2-Axis,LinkN2,-1.55E-09,9.60E-09,0.5645002127,0,0,0,0,0,0
3,LinkN3,LinkN2,-1.55E-09,9.60E-09,0.5645001531,0,0,0,0,0,0
3,LinkN3_Axis,LinkN3,-2.22E-16,0.0005000001984,0.780092299,0,0,0,0,0,0
3,LinkN4,LinkN3,-8.56E-17,-0.0002424090198,0.7800923586,0,0,0,0,0,0
3,LinkN4_Axis,LinkN4,-8.56E-17,1.83E-08,0.9975202084,0,0,0,0,0,0
3,LinkN5,LinkN4,-8.56E-17,1.83E-08,0.9975202084,0,0,0,0,0,0
3,LinkN5_Axis,LinkN5,-8.56E-17,-0.06264996529,1.17999959,0,0,0,0,0,0
3,LinkN6,LinkN5,-4.44E-17,-0.06264998019,1.180000067,0,0,0,0,0,0
3,LinkN6.002,LinkN6,-8.56E-17,1.83E-08,1.260900617,0,0,0,0,0,0
3,LinkN7,LinkN6,-8.56E-17,1.83E-08,1.260900617,0,0,1.397126913,0,0,0
4,LinkN0,Robot KUKA LBR Iiwa14,0,0,0,0,0,0,0,0,0
4,LinkN0-Axis,LinkN0,-3.49E-08,0,0.1575000286,0,0,0,0,0,0
4,LinkN1,LinkN0,-3.49E-08,0,0.1575000435,0,0,0,0,0,0
4,LinkN1-Axis,LinkN1,-1.55E-09,4.27E-08,0.3600671887,0,0,0,0,0,0
4,LinkN2,LinkN1,-1.55E-09,-7.72E-05,0.3600672483,0,-0.07071484625,0,-0.8999230564,0,0
4,LinkN2-Axis,LinkN2,-1.55E-09,9.60E-09,0.5645002127,0,0,0,0,0,0
4,LinkN3,LinkN2,-1.55E-09,9.60E-09,0.5645001531,0,0,0,0,0,0
4,LinkN3_Axis,LinkN3,-2.22E-16,0.0005000001984,0.780092299,0,0,0,0,0,0
4,LinkN4,LinkN3,-8.56E-17,-0.0002424090198,0.7800923586,0,0,0,0,0,0
4,LinkN4_Axis,LinkN4,-8.56E-17,1.83E-08,0.9975202084,0,0,0,0,0,0
4,LinkN5,LinkN4,-8.56E-17,1.83E-08,0.9975202084,0,0,0,0,0,0
4,LinkN5_Axis,LinkN5,-8.56E-17,-0.06264996529,1.17999959,0,0,0,0,0,0
4,LinkN6,LinkN5,-4.44E-17,-0.06264998019,1.180000067,0,0,0,0,0,0
4,LinkN6.002,LinkN6,-8.56E-17,1.83E-08,1.260900617,0,0,0,0,0,0
4,LinkN7,LinkN6,-8.56E-17,1.83E-08,1.260900617,0,0,1.397126913,0,0,0
5,LinkN0,Robot KUKA LBR Iiwa14,0,0,0,0,0,0,0,0,0
5,LinkN0-Axis,LinkN0,-3.49E-08,0,0.1575000286,0,0,0,0,0,0
5,LinkN1,LinkN0,-3.49E-08,0,0.1575000435,0,0,0,0,0,0
5,LinkN1-Axis,LinkN1,-1.55E-09,4.27E-08,0.3600671887,0,0,0,0,0,0
5,LinkN2,LinkN1,-1.55E-09,-7.72E-05,0.3600672483,0,-0.1185583472,0,-1.148244023,0,0
5,LinkN2-Axis,LinkN2,-1.55E-09,9.60E-09,0.5645002127,0,0,0,0,0,0
5,LinkN3,LinkN2,-1.55E-09,9.60E-09,0.5645001531,0,0,0,0,0,0
5,LinkN3_Axis,LinkN3,-2.22E-16,0.0005000001984,0.780092299,0,0,0,0,0,0
5,LinkN4,LinkN3,-8.56E-17,-0.0002424090198,0.7800923586,0,0,0,0,0,0
5,LinkN4_Axis,LinkN4,-8.56E-17,1.83E-08,0.9975202084,0,0,0,0,0,0
5,LinkN5,LinkN4,-8.56E-17,1.83E-08,0.9975202084,0,0,0,0,0,0
5,LinkN5_Axis,LinkN5,-8.56E-17,-0.06264996529,1.17999959,0,0,0,0,0,0
5,LinkN6,LinkN5,-4.44E-17,-0.06264998019,1.180000067,0,0,0,0,0,0
5,LinkN6.002,LinkN6,-8.56E-17,1.83E-08,1.260900617,0,0,0,0,0,0
5,LinkN7,LinkN6,-8.56E-17,1.83E-08,1.260900617,0,0,1.397126913,0,0,0
6,LinkN0,Robot KUKA LBR Iiwa14,0,0,0,0,0,0,0,0,0
6,LinkN0-Axis,LinkN0,-3.49E-08,0,0.1575000286,0,0,0,0,0,0
6,LinkN1,LinkN0,-3.49E-08,0,0.1575000435,0,0,0,0,0,0
6,LinkN1-Axis,LinkN1,-1.55E-09,4.27E-08,0.3600671887,0,0,0,0,0,0
6,LinkN2,LinkN1,-1.55E-09,-7.72E-05,0.3600672483,0,-0.1740647405,0,-1.33215344,0,0
6,LinkN2-Axis,LinkN2,-1.55E-09,9.60E-09,0.5645002127,0,0,0,0,0,0
6,LinkN3,LinkN2,-1.55E-09,9.60E-09,0.5645001531,0,0,0,0,0,0
6,LinkN3_Axis,LinkN3,-2.22E-16,0.0005000001984,0.780092299,0,0,0,0,0,0
6,LinkN4,LinkN3,-8.56E-17,-0.0002424090198,0.7800923586,0,0,0,0,0,0
6,LinkN4_Axis,LinkN4,-8.56E-17,1.83E-08,0.9975202084,0,0,0,0,0,0
6,LinkN5,LinkN4,-8.56E-17,1.83E-08,0.9975202084,0,0,0,0,0,0
6,LinkN5_Axis,LinkN5,-8.56E-17,-0.06264996529,1.17999959,0,0,0,0,0,0
6,LinkN6,LinkN5,-4.44E-17,-0.06264998019,1.180000067,0,0,0,0,0,0
6,LinkN6.002,LinkN6,-8.56E-17,1.83E-08,1.260900617,0,0,0,0,0,0
6,LinkN7,LinkN6,-8.56E-17,1.83E-08,1.260900617,0,0,1.397126913,0,0,0
7,LinkN0,Robot KUKA LBR Iiwa14,0,0,0,0,0,0,0,0,0
7,LinkN0-Axis,LinkN0,-3.49E-08,0,0.1575000286,0,0,0,0,0,0
7,LinkN1,LinkN0,-3.49E-08,0,0.1575000435,0,0,0,0,0,0
7,LinkN1-Axis,LinkN1,-1.55E-09,4.27E-08,0.3600671887,0,0,0,0,0,0
7,LinkN2,LinkN1,-1.55E-09,-7.72E-05,0.3600672483,0,-0.2345501333,0,-1.451649427,0,0
7,LinkN2-Axis,LinkN2,-1.55E-09,9.60E-09,0.5645002127,0,0,0,0,0,0
7,LinkN3,LinkN2,-1.55E-09,9.60E-09,0.5645001531,0,0,0,0,0,0
7,LinkN3_Axis,LinkN3,-2.22E-16,0.0005000001984,0.780092299,0,0,0,0,0,0
7,LinkN4,LinkN3,-8.56E-17,-0.0002424090198,0.7800923586,0,0,0,0,0,0
7,LinkN4_Axis,LinkN4,-8.56E-17,1.83E-08,0.9975202084,0,0,0,0,0,0
7,LinkN5,LinkN4,-8.56E-17,1.83E-08,0.9975202084,0,0,0,0,0,0
7,LinkN5_Axis,LinkN5,-8.56E-17,-0.06264996529,1.17999959,0,0,0,0,0,0
7,LinkN6,LinkN5,-4.44E-17,-0.06264998019,1.180000067,0,0,0,0,0,0
7,LinkN6.002,LinkN6,-8.56E-17,1.83E-08,1.260900617,0,0,0,0,0,0
7,LinkN7,LinkN6,-8.56E-17,1.83E-08,1.260900617,0,0,1.397126913,0,0,0
8,LinkN0,Robot KUKA LBR Iiwa14,0,0,0,0,0,0,0,0,0
8,LinkN0-Axis,LinkN0,-3.49E-08,0,0.1575000286,0,0,0,0,0,0
8,LinkN1,LinkN0,-3.49E-08,0,0.1575000435,0,0,0,0,0,0
8,LinkN1-Axis,LinkN1,-1.55E-09,4.27E-08,0.3600671887,0,0,0,0,0,0
8,LinkN2,LinkN1,-1.55E-09,-7.72E-05,0.3600672483,0,-0.2973306775,0,-1.50673306,0,0
8,LinkN2-Axis,LinkN2,-1.55E-09,9.60E-09,0.5645002127,0,0,0,0,0,0
8,LinkN3,LinkN2,-1.55E-09,9.60E-09,0.5645001531,0,0,0,0,0,0
8,LinkN3_Axis,LinkN3,-2.22E-16,0.0005000001984,0.780092299,0,0,0,0,0,0
8,LinkN4,LinkN3,-8.56E-17,-0.0002424090198,0.7800923586,0,0,0,0,0,0
8,LinkN4_Axis,LinkN4,-8.56E-17,1.83E-08,0.9975202084,0,0,0,0,0,0
8,LinkN5,LinkN4,-8.56E-17,1.83E-08,0.9975202084,0,0,0,0,0,0
8,LinkN5_Axis,LinkN5,-8.56E-17,-0.06264996529,1.17999959,0,0,0,0,0,0
8,LinkN6,LinkN5,-4.44E-17,-0.06264998019,1.180000067,0,0,0,0,0,0
8,LinkN6.002,LinkN6,-8.56E-17,1.83E-08,1.260900617,0,0,0,0,0,0
8,LinkN7,LinkN6,-8.56E-17,1.83E-08,1.260900617,0,0,1.397126913,0,0,0
9,LinkN0,Robot KUKA LBR Iiwa14,0,0,0,0,0,0,0,0,0
9,LinkN0-Axis,LinkN0,-3.49E-08,0,0.1575000286,0,0,0,0,0,0
9,LinkN1,LinkN0,-3.49E-08,0,0.1575000435,0,0,0,0,0,0
9,LinkN1-Axis,LinkN1,-1.55E-09,4.27E-08,0.3600671887,0,0,0,0,0,0
9,LinkN2,LinkN1,-1.55E-09,-7.72E-05,0.3600672483,0,-0.3597225547,0,-1.497405052,0,0
9,LinkN2-Axis,LinkN2,-1.55E-09,9.60E-09,0.5645002127,0,0,0,0,0,0
9,LinkN3,LinkN2,-1.55E-09,9.60E-09,0.5645001531,0,0,0,0,0,0
9,LinkN3_Axis,LinkN3,-2.22E-16,0.0005000001984,0.780092299,0,0,0,0,0,0
9,LinkN4,LinkN3,-8.56E-17,-0.0002424090198,0.7800923586,0,0,0,0,0,0
9,LinkN4_Axis,LinkN4,-8.56E-17,1.83E-08,0.9975202084,0,0,0,0,0,0
9,LinkN5,LinkN4,-8.56E-17,1.83E-08,0.9975202084,0,0,0,0,0,0
9,LinkN5_Axis,LinkN5,-8.56E-17,-0.06264996529,1.17999959,0,0,0,0,0,0
9,LinkN6,LinkN5,-4.44E-17,-0.06264998019,1.180000067,0,0,0,0,0,0
9,LinkN6.002,LinkN6,-8.56E-17,1.83E-08,1.260900617,0,0,0,0,0,0
9,LinkN7,LinkN6,-8.56E-17,1.83E-08,1.260900617,0,0,1.397126913,0,0,0
10,LinkN0,Robot KUKA LBR Iiwa14,0,0,0,0,0,0,0,0,0
10,LinkN0-Axis,LinkN0,-3.49E-08,0,0.1575000286,0,0,0,0,0,0
10,LinkN1,LinkN0,-3.49E-08,0,0.1575000435,0,0,0,0,0,0
10,LinkN1-Axis,LinkN1,-1.55E-09,4.27E-08,0.3600671887,0,0,0,0,0,0
10,LinkN2,LinkN1,-1.55E-09,-7.72E-05,0.3600672483,0,-0.4190419316,0,-1.423665047,0,0
10,LinkN2-Axis,LinkN2,-1.55E-09,9.60E-09,0.5645002127,0,0,0,0,0,0
10,LinkN3,LinkN2,-1.55E-09,9.60E-09,0.5645001531,0,0,0,0,0,0
10,LinkN3_Axis,LinkN3,-2.22E-16,0.0005000001984,0.780092299,0,0,0,0,0,0
10,LinkN4,LinkN3,-8.56E-17,-0.0002424090198,0.7800923586,0,0,0,0,0,0
10,LinkN4_Axis,LinkN4,-8.56E-17,1.83E-08,0.9975202084,0,0,0,0,0,0
10,LinkN5,LinkN4,-8.56E-17,1.83E-08,0.9975202084,0,0,0,0,0,0
10,LinkN5_Axis,LinkN5,-8.56E-17,-0.06264996529,1.17999959,0,0,0,0,0,0
10,LinkN6,LinkN5,-4.44E-17,-0.06264998019,1.180000067,0,0,0,0,0,0
10,LinkN6.002,LinkN6,-8.56E-17,1.83E-08,1.260900617,0,0,0,0,0,0
10,LinkN7,LinkN6,-8.56E-17,1.83E-08,1.260900617,0,0,1.397126913,0,0,0
11,LinkN0,Robot KUKA LBR Iiwa14,0,0,0,0,0,0,0,0,0
11,LinkN0-Axis,LinkN0,-3.49E-08,0,0.1575000286,0,0,0,0,0,0
11,LinkN1,LinkN0,-3.49E-08,0,0.1575000435,0,0,0,0,0,0
11,LinkN1-Axis,LinkN1,-1.55E-09,4.27E-08,0.3600671887,0,0,0,0,0,0
11,LinkN2,LinkN1,-1.55E-09,-7.72E-05,0.3600672483,0,-0.4731091559,0,-1.297613382,0,0
11,LinkN2-Axis,LinkN2,-1.55E-09,9.60E-09,0.5645002127,0,0,0,0,0,0
11,LinkN3,LinkN2,-1.55E-09,9.60E-09,0.5645001531,0,0,0,0,0,0
11,LinkN3_Axis,LinkN3,-2.22E-16,0.0005000001984,0.780092299,0,0,0,0,0,0
11,LinkN4,LinkN3,-8.56E-17,-0.0002424090198,0.7800923586,0,-0.01037337445,0,-0.2489609867,0,0
11,LinkN4_Axis,LinkN4,-8.56E-17,1.83E-08,0.9975202084,0,0,0,0,0,0
11,LinkN5,LinkN4,-8.56E-17,1.83E-08,0.9975202084,0,0,0,0,0,0
11,LinkN5_Axis,LinkN5,-8.56E-17,-0.06264996529,1.17999959,0,0,0,0,0,0
11,LinkN6,LinkN5,-4.44E-17,-0.06264998019,1.180000067,0,0,0,0,0,0
11,LinkN6.002,LinkN6,-8.56E-17,1.83E-08,1.260900617,0,0,0,0,0,0
11,LinkN7,LinkN6,-8.56E-17,1.83E-08,1.260900617,0,0,1.397126913,0,0,0
12,LinkN0,Robot KUKA LBR Iiwa14,0,0,0,0,0,0,0,0,0
12,LinkN0-Axis,LinkN0,-3.49E-08,0,0.1575000286,0,0,0,0,0,0
12,LinkN1,LinkN0,-3.49E-08,0,0.1575000435,0,0,0,0,0,0
12,LinkN1-Axis,LinkN1,-1.55E-09,4.27E-08,0.3600671887,0,0,0,0,0,0
12,LinkN2,LinkN1,-1.55E-09,-7.72E-05,0.3600672483,0,-0.5217615962,0,-1.167658567,0,0
12,LinkN2-Axis,LinkN2,-1.55E-09,9.60E-09,0.5645002127,0,0,0,0,0,0
12,LinkN3,LinkN2,-1.55E-09,9.60E-09,0.5645001531,0,0,0,0,0,0
12,LinkN3_Axis,LinkN3,-2.22E-16,0.0005000001984,0.780092299,0,0,0,0,0,0
12,LinkN4,LinkN3,-8.56E-17,-0.0002424090198,0.7800923586,0,-0.03934873641,0,-0.695408687,0,0
12,LinkN4_Axis,LinkN4,-8.56E-17,1.83E-08,0.9975202084,0,0,0,0,0,0
12,LinkN5,LinkN4,-8.56E-17,1.83E-08,0.9975202084,0,0,0,0,0,0
12,LinkN5_Axis,LinkN5,-8.56E-17,-0.06264996529,1.17999959,0,0,0,0,0,0
12,LinkN6,LinkN5,-4.44E-17,-0.06264998019,1.180000067,0,0,0,0,0,0
12,LinkN6.002,LinkN6,-8.56E-17,1.83E-08,1.260900617,0,0,0,0,0,0
12,LinkN7,LinkN6,-8.56E-17,1.83E-08,1.260900617,0,0,1.397126913,0,0,0
13,LinkN0,Robot KUKA LBR Iiwa14,0,0,0,0,0,0,0,0,0
13,LinkN0-Axis,LinkN0,-3.49E-08,0,0.1575000286,0,0,0,0,0,0
13,LinkN1,LinkN0,-3.49E-08,0,0.1575000435,0,0,0,0,0,0
13,LinkN1-Axis,LinkN1,-1.55E-09,4.27E-08,0.3600671887,0,0,0,0,0,0
13,LinkN2,LinkN1,-1.55E-09,-7.72E-05,0.3600672483,0,-0.5653406978,0,-1.045898438,0,0
13,LinkN2-Axis,LinkN2,-1.55E-09,9.60E-09,0.5645002127,0,0,0,0,0,0
13,LinkN3,LinkN2,-1.55E-09,9.60E-09,0.5645001531,0,0,0,0,0,0
13,LinkN3_Axis,LinkN3,-2.22E-16,0.0005000001984,0.780092299,0,0,0,0,0,0
13,LinkN4,LinkN3,-8.56E-17,-0.0002424090198,0.7800923586,0,-0.08370894194,0,-1.064644933,0,0
13,LinkN4_Axis,LinkN4,-8.56E-17,1.83E-08,0.9975202084,0,0,0,0,0,0
13,LinkN5,LinkN4,-8.56E-17,1.83E-08,0.9975202084,0,0,0,0,0,0
13,LinkN5_Axis,LinkN5,-8.56E-17,-0.06264996529,1.17999959,0,0,0,0,0,0
13,LinkN6,LinkN5,-4.44E-17,-0.06264998019,1.180000067,0,0,0,0,0,0
13,LinkN6.002,LinkN6,-8.56E-17,1.83E-08,1.260900617,0,0,0,0,0,0
13,LinkN7,LinkN6,-8.56E-17,1.83E-08,1.260900617,0,0,1.397126913,0,0,0
14,LinkN0,Robot KUKA LBR Iiwa14,0,0,0,0,0,0,0,0,0
14,LinkN0-Axis,LinkN0,-3.49E-08,0,0.1575000286,0,0,0,0,0,0
14,LinkN1,LinkN0,-3.49E-08,0,0.1575000435,0,0,0,0,0,0
14,LinkN1-Axis,LinkN1,-1.55E-09,4.27E-08,0.3600671887,0,0,0,0,0,0
14,LinkN2,LinkN1,-1.55E-09,-7.72E-05,0.3600672483,0,-0.6041882038,0,-0.9323401451,0,0
14,LinkN2-Axis,LinkN2,-1.55E-09,9.60E-09,0.5645002127,0,0,0,0,0,0
14,LinkN3,LinkN2,-1.55E-09,9.60E-09,0.5645001531,0,0,0,0,0,0
14,LinkN3_Axis,LinkN3,-2.22E-16,0.0005000001984,0.780092299,0,0,0,0,0,0
14,LinkN4,LinkN3,-8.56E-17,-0.0002424090198,0.7800923586,0,-0.1402368844,0,-1.356670618,0,0
14,LinkN4_Axis,LinkN4,-8.56E-17,1.83E-08,0.9975202084,0,0,0,0,0,0
14,LinkN5,LinkN4,-8.56E-17,1.83E-08,0.9975202084,0,0,0,0,0,0
14,LinkN5_Axis,LinkN5,-8.56E-17,-0.06264996529,1.17999959,0,0,0,0,0,0
14,LinkN6,LinkN5,-4.44E-17,-0.06264998019,1.180000067,0,0,0,0,0,0
14,LinkN6.002,LinkN6,-8.56E-17,1.83E-08,1.260900617,0,0,0,0,0,0
14,LinkN7,LinkN6,-8.56E-17,1.83E-08,1.260900617,0,0,1.397126913,0,0,0
15,LinkN0,Robot KUKA LBR Iiwa14,0,0,0,0,0,0,0,0,0
15,LinkN0-Axis,LinkN0,-3.49E-08,0,0.1575000286,0,0,0,0,0,0
15,LinkN1,LinkN0,-3.49E-08,0,0.1575000435,0,0,0,0,0,0
15,LinkN1-Axis,LinkN1,-1.55E-09,4.27E-08,0.3600671887,0,0,0,0,0,0
15,LinkN2,LinkN1,-1.55E-09,-7.72E-05,0.3600672483,0,-0.6386455894,0,-0.826977253,0,0
15,LinkN2-Axis,LinkN2,-1.55E-09,9.60E-09,0.5645002127,0,0,0,0,0,0
15,LinkN3,LinkN2,-1.55E-09,9.60E-09,0.5645001531,0,0,0,0,0,0
15,LinkN3_Axis,LinkN3,-2.22E-16,0.0005000001984,0.780092299,0,0,0,0,0,0
15,LinkN4,LinkN3,-8.56E-17,-0.0002424090198,0.7800923586,0,-0.2057153881,0,-1.571484089,0,0
15,LinkN4_Axis,LinkN4,-8.56E-17,1.83E-08,0.9975202084,0,0,0,0,0,0
15,LinkN5,LinkN4,-8.56E-17,1.83E-08,0.9975202084,0,0,0,0,0,0
15,LinkN5_Axis,LinkN5,-8.56E-17,-0.06264996529,1.17999959,0,0,0,0,0,0
15,LinkN6,LinkN5,-4.44E-17,-0.06264998019,1.180000067,0,0,0,0,0,0
15,LinkN6.002,LinkN6,-8.56E-17,1.83E-08,1.260900617,0,0,0,0,0,0
15,LinkN7,LinkN6,-8.56E-17,1.83E-08,1.260900617,0,0,1.397126913,0,0,0
16,LinkN0,Robot KUKA LBR Iiwa14,0,0,0,0,0,0,0,0,0
16,LinkN0-Axis,LinkN0,-3.49E-08,0,0.1575000286,0,0,0,0,0,0
16,LinkN1,LinkN0,-3.49E-08,0,0.1575000435,0,0,0,0,0,0
16,LinkN1-Axis,LinkN1,-1.55E-09,4.27E-08,0.3600671887,0,0,0,0,0,0
16,LinkN2,LinkN1,-1.55E-09,-7.72E-05,0.3600672483,0,-0.6690544486,0,-0.7298126221,0,0
16,LinkN2-Axis,LinkN2,-1.55E-09,9.60E-09,0.5645002127,0,0,0,0,0,0
16,LinkN3,LinkN2,-1.55E-09,9.60E-09,0.5645001531,0,0,0,0,0,0
16,LinkN3_Axis,LinkN3,-2.22E-16,0.0005000001984,0.780092299,0,0,0,0,0,0
16,LinkN4,LinkN3,-8.56E-17,-0.0002424090198,0.7800923586,0,-0.2769272923,0,-1.709085703,0,0
16,LinkN4_Axis,LinkN4,-8.56E-17,1.83E-08,0.9975202084,0,0,0,0,0,0
16,LinkN5,LinkN4,-8.56E-17,1.83E-08,0.9975202084,0,0,0,0,0,0
16,LinkN5_Axis,LinkN5,-8.56E-17,-0.06264996529,1.17999959,0,0,0,0,0,0
16,LinkN6,LinkN5,-4.44E-17,-0.06264998019,1.180000067,0,0,0,0,0,0
16,LinkN6.002,LinkN6,-8.56E-17,1.83E-08,1.260900617,0,0,0,0,0,0
16,LinkN7,LinkN6,-8.56E-17,1.83E-08,1.260900617,0,0,1.397126913,0,0,0
17,LinkN0,Robot KUKA LBR Iiwa14,0,0,0,0,0,0,0,0,0
17,LinkN0-Axis,LinkN0,-3.49E-08,0,0.1575000286,0,0,0,0,0,0
17,LinkN1,LinkN0,-3.49E-08,0,0.1575000435,0,0,0,0,0,0
17,LinkN1-Axis,LinkN1,-1.55E-09,4.27E-08,0.3600671887,0,0,0,0,0,0
17,LinkN2,LinkN1,-1.55E-09,-7.72E-05,0.3600672483,0,-0.6957562566,0,-0.6408433914,0,0
17,LinkN2-Axis,LinkN2,-1.55E-09,9.60E-09,0.5645002127,0,0,0,0,0,0
17,LinkN3,LinkN2,-1.55E-09,9.60E-09,0.5645001531,0,0,0,0,0,0
17,LinkN3_Axis,LinkN3,-2.22E-16,0.0005000001984,0.780092299,0,0,0,0,0,0
17,LinkN4,LinkN3,-8.56E-17,-0.0002424090198,0.7800923586,0,-0.3506555259,0,-1.769477606,0,0
17,LinkN4_Axis,LinkN4,-8.56E-17,1.83E-08,0.9975202084,0,0,0,0,0,0
17,LinkN5,LinkN4,-8.56E-17,1.83E-08,0.9975202084,0,0,0,0,0,0
17,LinkN5_Axis,LinkN5,-8.56E-17,-0.06264996529,1.17999959,0,0,0,0,0,0
17,LinkN6,LinkN5,-4.44E-17,-0.06264998019,1.180000067,0,0,0,0,0,0
17,LinkN6.002,LinkN6,-8.56E-17,1.83E-08,1.260900617,0,0,0,0,0,0
17,LinkN7,LinkN6,-8.56E-17,1.83E-08,1.260900617,0,0,1.397126913,0,0,0
18,LinkN0,Robot KUKA LBR Iiwa14,0,0,0,0,0,0,0,0,0
18,LinkN0-Axis,LinkN0,-3.49E-08,0,0.1575000286,0,0,0,0,0,0
18,LinkN1,LinkN0,-3.49E-08,0,0.1575000435,0,0,0,0,0,0
18,LinkN1-Axis,LinkN1,-1.55E-09,4.27E-08,0.3600671887,0,0,0,0,0,0
18,LinkN2,LinkN1,-1.55E-09,-7.72E-05,0.3600672483,0,-0.7190926075,0,-0.560072422,0,0
18,LinkN2-Axis,LinkN2,-1.55E-09,9.60E-09,0.5645002127,0,0,0,0,0,0
18,LinkN3,LinkN2,-1.55E-09,9.60E-09,0.5645001531,0,0,0,0,0,0
18,LinkN3_Axis,LinkN3,-2.22E-16,0.0005000001984,0.780092299,0,0,0,0,0,0
18,LinkN4,LinkN3,-8.56E-17,-0.0002424090198,0.7800923586,0,-0.4236829281,0,-1.752657652,0,0
18,LinkN4_Axis,LinkN4,-8.56E-17,1.83E-08,0.9975202084,0,0,0,0,0,0
18,LinkN5,LinkN4,-8.56E-17,1.83E-08,0.9975202084,0,0,0,0,0,0
18,LinkN5_Axis,LinkN5,-8.56E-17,-0.06264996529,1.17999959,0,0,0,0,0,0
18,LinkN6,LinkN5,-4.44E-17,-0.06264998019,1.180000067,0,0,0,0,0,0
18,LinkN6.002,LinkN6,-8.56E-17,1.83E-08,1.260900617,0,0,0,0,0,0
18,LinkN7,LinkN6,-8.56E-17,1.83E-08,1.260900617,0,0,1.397126913,0,0,0
19,LinkN0,Robot KUKA LBR Iiwa14,0,0,0,0,0,0,0,0,0
19,LinkN0-Axis,LinkN0,-3.49E-08,0,0.1575000286,0,0,0,0,0,0
19,LinkN1,LinkN0,-3.49E-08,0,0.1575000435,0,0,0,0,0,0
19,LinkN1-Axis,LinkN1,-1.55E-09,4.27E-08,0.3600671887,0,0,0,0,0,0
19,LinkN2,LinkN1,-1.55E-09,-7.72E-05,0.3600672483,0,-0.7394051552,0,-0.4875011444,0,0
19,LinkN2-Axis,LinkN2,-1.55E-09,9.60E-09,0.5645002127,0,0,0,0,0,0
19,LinkN3,LinkN2,-1.55E-09,9.60E-09,0.5645001531,0,0,0,0,0,0
19,LinkN3_Axis,LinkN3,-2.22E-16,0.0005000001984,0.780092299,0,0,0,0,0,0
19,LinkN4,LinkN3,-8.56E-17,-0.0002424090198,0.7800923586,0,-0.4927923381,0,-1.658625841,0,0
19,LinkN4_Axis,LinkN4,-8.56E-17,1.83E-08,0.9975202084,0,0,0,0,0,0
19,LinkN5,LinkN4,-8.56E-17,1.83E-08,0.9975202084,0,0,0,0,0,0
19,LinkN5_Axis,LinkN5,-8.56E-17,-0.06264996529,1.17999959,0,0,0,0,0,0
19,LinkN6,LinkN5,-4.44E-17,-0.06264998019,1.180000067,0,0,0,0,0,0
19,LinkN6.002,LinkN6,-8.56E-17,1.83E-08,1.260900617,0,0,0,0,0,0
19,LinkN7,LinkN6,-8.56E-17,1.83E-08,1.260900617,0,0,1.397126913,0,0,0
20,LinkN0,Robot KUKA LBR Iiwa14,0,0,0,0,0,0,0,0,0
20,LinkN0-Axis,LinkN0,-3.49E-08,0,0.1575000286,0,0,0,0,0,0
20,LinkN1,LinkN0,-3.49E-08,0,0.1575000435,0,0,0,0,0,0
20,LinkN1-Axis,LinkN1,-1.55E-09,4.27E-08,0.3600671887,0,0,0,0,0,0
20,LinkN2,LinkN1,-1.55E-09,-7.72E-05,0.3600672483,0,-0.7570353746,0,-0.423125267,0,0
20,LinkN2-Axis,LinkN2,-1.55E-09,9.60E-09,0.5645002127,0,0,0,0,0,0
20,LinkN3,LinkN2,-1.55E-09,9.60E-09,0.5645001531,0,0,0,0,0,0
20,LinkN3_Axis,LinkN3,-2.22E-16,0.0005000001984,0.780092299,0,0,0,0,0,0
20,LinkN4,LinkN3,-8.56E-17,-0.0002424090198,0.7800923586,0,-0.5547665954,0,-1.487382174,0,0
20,LinkN4_Axis,LinkN4,-8.56E-17,1.83E-08,0.9975202084,0,0,0,0,0,0
20,LinkN5,LinkN4,-8.56E-17,1.83E-08,0.9975202084,0,0,0,0,0,0
20,LinkN5_Axis,LinkN5,-8.56E-17,-0.06264996529,1.17999959,0,0,0,0,0,0
20,LinkN6,LinkN5,-4.44E-17,-0.06264998019,1.180000067,0,0,0,0,0,0
20,LinkN6.002,LinkN6,-8.56E-17,1.83E-08,1.260900617,0,0,0,0,0,0
20,LinkN7,LinkN6,-8.56E-17,1.83E-08,1.260900617,0,0,1.397126913,0,0,0
21,LinkN0,Robot KUKA LBR Iiwa14,0,0,0,0,0,0,0,0,0
21,LinkN0-Axis,LinkN0,-3.49E-08,0,0.1575000286,0,0,0,0,0,0
21,LinkN1,LinkN0,-3.49E-08,0,0.1575000435,0,0,0,0,0,0
21,LinkN1-Axis,LinkN1,-1.55E-09,4.27E-08,0.3600671887,0,0,0,0,0,0
21,LinkN2,LinkN1,-1.55E-09,-7.72E-05,0.3600672483,0,-0.7722964287,0,-0.3662652969,0,0
21,LinkN2-Axis,LinkN2,-1.55E-09,9.60E-09,0.5645002127,0,0,0,0,0,0
21,LinkN3,LinkN2,-1.55E-09,9.60E-09,0.5645001531,0,0,0,0,0,0
21,LinkN3_Axis,LinkN3,-2.22E-16,0.0005000001984,0.780092299,0,0,0,0,0,0
21,LinkN4,LinkN3,-8.56E-17,-0.0002424090198,0.7800923586,0,-0.6071500182,0,-1.257202148,0,0
21,LinkN4_Axis,LinkN4,-8.56E-17,1.83E-08,0.9975202084,0,0,0,0,0,0
21,LinkN5,LinkN4,-8.56E-17,1.83E-08,0.9975202084,0,0,0,0,0,0
21,LinkN5_Axis,LinkN5,-8.56E-17,-0.06264996529,1.17999959,0,0,0,0,0,0
21,LinkN6,LinkN5,-4.44E-17,-0.06264998019,1.180000067,0,-0.02180524915,0,-0.5233259797,0,0
21,LinkN6.002,LinkN6,-8.56E-17,1.83E-08,1.260900617,0,0,0,0,0,0
21,LinkN7,LinkN6,-8.56E-17,1.83E-08,1.260900617,0,0,1.397126913,0,0,0
22,LinkN0,Robot KUKA LBR Iiwa14,0,0,0,0,0,0,0,0,0
22,LinkN0-Axis,LinkN0,-3.49E-08,0,0.1575000286,0,0,0,0,0,0
22,LinkN1,LinkN0,-3.49E-08,0,0.1575000435,0,0,0,0,0,0
22,LinkN1-Axis,LinkN1,-1.55E-09,4.27E-08,0.3600671887,0,0,0,0,0,0
22,LinkN2,LinkN1,-1.55E-09,-7.72E-05,0.3600672483,0,-0.7853883505,0,-0.3142061234,0,0
22,LinkN2-Axis,LinkN2,-1.55E-09,9.60E-09,0.5645002127,0,0,0,0,0,0
22,LinkN3,LinkN2,-1.55E-09,9.60E-09,0.5645001531,0,0,0,0,0,0
22,LinkN3_Axis,LinkN3,-2.22E-16,0.0005000001984,0.780092299,0,0,0,0,0,0
22,LinkN4,LinkN3,-8.56E-17,-0.0002424090198,0.7800923586,0,-0.650532186,0,-1.041172028,0,0
22,LinkN4_Axis,LinkN4,-8.56E-17,1.83E-08,0.9975202084,0,0,0,0,0,0
22,LinkN5,LinkN4,-8.56E-17,1.83E-08,0.9975202084,0,0,0,0,0,0
22,LinkN5_Axis,LinkN5,-8.56E-17,-0.06264996529,1.17999959,0,0,0,0,0,0
22,LinkN6,LinkN5,-4.44E-17,-0.06264998019,1.180000067,0,-0.08099094778,0,-1.420456767,0,0
22,LinkN6.002,LinkN6,-8.56E-17,1.83E-08,1.260900617,0,0,0,0,0,0
22,LinkN7,LinkN6,-8.56E-17,1.83E-08,1.260900617,0,0,1.397126913,0,0,0
23,LinkN0,Robot KUKA LBR Iiwa14,0,0,0,0,0,0,0,0,0
23,LinkN0-Axis,LinkN0,-3.49E-08,0,0.1575000286,0,0,0,0,0,0
23,LinkN1,LinkN0,-3.49E-08,0,0.1575000435,0,0,0,0,0,0
23,LinkN1-Axis,LinkN1,-1.55E-09,4.27E-08,0.3600671887,0,0,0,0,0,0
23,LinkN2,LinkN1,-1.55E-09,-7.72E-05,0.3600672483,0,-0.7964822054,0,-0.2662525177,0,0
23,LinkN2-Axis,LinkN2,-1.55E-09,9.60E-09,0.5645002127,0,0,0,0,0,0
23,LinkN3,LinkN2,-1.55E-09,9.60E-09,0.5645001531,0,0,0,0,0,0
23,LinkN3_Axis,LinkN3,-2.22E-16,0.0005000001984,0.780092299,0,0,0,0,0,0
23,LinkN4,LinkN3,-8.56E-17,-0.0002424090198,0.7800923586,0,-0.6862642765,0,-0.8575701714,0,0
23,LinkN4_Axis,LinkN4,-8.56E-17,1.83E-08,0.9975202084,0,0,0,0,0,0
23,LinkN5,LinkN4,-8.56E-17,1.83E-08,0.9975202084,0,0,0,0,0,0
23,LinkN5_Axis,LinkN5,-8.56E-17,-0.06264996529,1.17999959,0,0,0,0,0,0
23,LinkN6,LinkN5,-4.44E-17,-0.06264998019,1.180000067,0,-0.1682119668,0,-2.093304455,0,0
23,LinkN6.002,LinkN6,-8.56E-17,1.83E-08,1.260900617,0,0,0,0,0,0
23,LinkN7,LinkN6,-8.56E-17,1.83E-08,1.260900617,0,0,1.397126913,0,0,0
24,LinkN0,Robot KUKA LBR Iiwa14,0,0,0,0,0,0,0,0,0
24,LinkN0-Axis,LinkN0,-3.49E-08,0,0.1575000286,0,0,0,0,0,0
24,LinkN1,LinkN0,-3.49E-08,0,0.1575000435,0,0,0,0,0,0
24,LinkN1-Axis,LinkN1,-1.55E-09,4.27E-08,0.3600671887,0,0,0,0,0,0
24,LinkN2,LinkN1,-1.55E-09,-7.72E-05,0.3600672483,0,-0.8057495952,0,-0.2224173546,0,0
24,LinkN2-Axis,LinkN2,-1.55E-09,9.60E-09,0.5645002127,0,0,0,0,0,0
24,LinkN3,LinkN2,-1.55E-09,9.60E-09,0.5645001531,0,0,0,0,0,0
24,LinkN3_Axis,LinkN3,-2.22E-16,0.0005000001984,0.780092299,0,0,0,0,0,0
24,LinkN4,LinkN3,-8.56E-17,-0.0002424090198,0.7800923586,0,-0.7156972289,0,-0.7063908577,0,0
24,LinkN4_Axis,LinkN4,-8.56E-17,1.83E-08,0.9975202084,0,0,0,0,0,0
24,LinkN5,LinkN4,-8.56E-17,1.83E-08,0.9975202084,0,0,0,0,0,0
24,LinkN5_Axis,LinkN5,-8.56E-17,-0.06264996529,1.17999959,0,0,0,0,0,0
24,LinkN6,LinkN5,-4.44E-17,-0.06264998019,1.180000067,0,-0.2741232216,0,-2.541870117,0,0
24,LinkN6.002,LinkN6,-8.56E-17,1.83E-08,1.260900617,0,0,0,0,0,0
24,LinkN7,LinkN6,-8.56E-17,1.83E-08,1.260900617,0,0,1.397126913,0,0,0
25,LinkN0,Robot KUKA LBR Iiwa14,0,0,0,0,0,0,0,0,0
25,LinkN0-Axis,LinkN0,-3.49E-08,0,0.1575000286,0,0,0,0,0,0
25,LinkN1,LinkN0,-3.49E-08,0,0.1575000435,0,0,0,0,0,0
25,LinkN1-Axis,LinkN1,-1.55E-09,4.27E-08,0.3600671887,0,0,0,0,0,0
25,LinkN2,LinkN1,-1.55E-09,-7.72E-05,0.3600672483,0,-0.8133619428,0,-0.1826963425,0,0
25,LinkN2-Axis,LinkN2,-1.55E-09,9.60E-09,0.5645002127,0,0,0,0,0,0
25,LinkN3,LinkN2,-1.55E-09,9.60E-09,0.5645001531,0,0,0,0,0,0
25,LinkN3_Axis,LinkN3,-2.22E-16,0.0005000001984,0.780092299,0,0,0,0,0,0
25,LinkN4,LinkN3,-8.56E-17,-0.0002424090198,0.7800923586,0,-0.7401820421,0,-0.5876355171,0,0
25,LinkN4_Axis,LinkN4,-8.56E-17,1.83E-08,0.9975202084,0,0,0,0,0,0
25,LinkN5,LinkN4,-8.56E-17,1.83E-08,0.9975202084,0,0,0,0,0,0
25,LinkN5_Axis,LinkN5,-8.56E-17,-0.06264996529,1.17999959,0,0,0,0,0,0
25,LinkN6,LinkN5,-4.44E-17,-0.06264998019,1.180000067,0,-0.3893795907,0,-2.766152859,0,0
25,LinkN6.002,LinkN6,-8.56E-17,1.83E-08,1.260900617,0,0,0,0,0,0
25,LinkN7,LinkN6,-8.56E-17,1.83E-08,1.260900617,0,0,1.397126913,0,0,0
26,LinkN0,Robot KUKA LBR Iiwa14,0,0,0,0,0,0,0,0,0
26,LinkN0-Axis,LinkN0,-3.49E-08,0,0.1575000286,0,0,0,0,0,0
26,LinkN1,LinkN0,-3.49E-08,0,0.1575000435,0,0,0,0,0,0
26,LinkN1-Axis,LinkN1,-1.55E-09,4.27E-08,0.3600671887,0,0,0,0,0,0
26,LinkN2,LinkN1,-1.55E-09,-7.72E-05,0.3600672483,0,-0.8194905519,0,-0.1470866203,0,0
26,LinkN2-Axis,LinkN2,-1.55E-09,9.60E-09,0.5645002127,0,0,0,0,0,0
26,LinkN3,LinkN2,-1.55E-09,9.60E-09,0.5645001531,0,0,0,0,0,0
26,LinkN3_Axis,LinkN3,-2.22E-16,0.0005000001984,0.780092299,0,0,0,0,0,0
26,LinkN4,LinkN3,-8.56E-17,-0.0002424090198,0.7800923586,0,-0.7610698342,0,-0.5013070107,0,0
26,LinkN4_Axis,LinkN4,-8.56E-17,1.83E-08,0.9975202084,0,0,0,0,0,0
26,LinkN5,LinkN4,-8.56E-17,1.83E-08,0.9975202084,0,0,0,0,0,0
26,LinkN5_Axis,LinkN5,-8.56E-17,-0.06264996529,1.17999959,0,0,0,0,0,0
26,LinkN6,LinkN5,-4.44E-17,-0.06264998019,1.180000067,0,-0.5046359301,0,-2.766152143,0,0
26,LinkN6.002,LinkN6,-8.56E-17,1.83E-08,1.260900617,0,0,0,0,0,0
26,LinkN7,LinkN6,-8.56E-17,1.83E-08,1.260900617,0,0,1.397126913,0,0,0
27,LinkN0,Robot KUKA LBR Iiwa14,0,0,0,0,0,0,0,0,0
27,LinkN0-Axis,LinkN0,-3.49E-08,0,0.1575000286,0,0,0,0,0,0
27,LinkN1,LinkN0,-3.49E-08,0,0.1575000435,0,0,0,0,0,0
27,LinkN1-Axis,LinkN1,-1.55E-09,4.27E-08,0.3600671887,0,0,0,0,0,0
27,LinkN2,LinkN1,-1.55E-09,-7.72E-05,0.3600672483,0,-0.8243070841,0,-0.1155967712,0,0
27,LinkN2-Axis,LinkN2,-1.55E-09,9.60E-09,0.5645002127,0,0,0,0,0,0
27,LinkN3,LinkN2,-1.55E-09,9.60E-09,0.5645001531,0,0,0,0,0,0
27,LinkN3_Axis,LinkN3,-2.22E-16,0.0005000001984,0.780092299,0,0,0,0,0,0
27,LinkN4,LinkN3,-8.56E-17,-0.0002424090198,0.7800923586,0,-0.7797116041,0,-0.4474024773,0,0
27,LinkN4_Axis,LinkN4,-8.56E-17,1.83E-08,0.9975202084,0,0,0,0,0,0
27,LinkN5,LinkN4,-8.56E-17,1.83E-08,0.9975202084,0,0,0,0,0,0
27,LinkN5_Axis,LinkN5,-8.56E-17,-0.06264996529,1.17999959,0,0,0,0,0,0
27,LinkN6,LinkN5,-4.44E-17,-0.06264998019,1.180000067,0,-0.6105471253,0,-2.541868687,0,0
27,LinkN6.002,LinkN6,-8.56E-17,1.83E-08,1.260900617,0,0,0,0,0,0
27,LinkN7,LinkN6,-8.56E-17,1.83E-08,1.260900617,0,0,1.397126913,0,0,0
28,LinkN0,Robot KUKA LBR Iiwa14,0,0,0,0,0,0,0,0,0
28,LinkN0-Axis,LinkN0,-3.49E-08,0,0.1575000286,0,0,0,0,0,0
28,LinkN1,LinkN0,-3.49E-08,0,0.1575000435,0,0,0,0,0,0
28,LinkN1-Axis,LinkN1,-1.55E-09,4.27E-08,0.3600671887,0,0,0,0,0,0
28,LinkN2,LinkN1,-1.55E-09,-7.72E-05,0.3600672483,0,-0.8279826641,0,-0.08821392059,0,0
28,LinkN2-Axis,LinkN2,-1.55E-09,9.60E-09,0.5645002127,0,0,0,0,0,0
28,LinkN3,LinkN2,-1.55E-09,9.60E-09,0.5645001531,0,0,0,0,0,0
28,LinkN3_Axis,LinkN3,-2.22E-16,0.0005000001984,0.780092299,0,0,0,0,0,0
28,LinkN4,LinkN3,-8.56E-17,-0.0002424090198,0.7800923586,0,-0.7974585295,0,-0.4259262085,0,0
28,LinkN4_Axis,LinkN4,-8.56E-17,1.83E-08,0.9975202084,0,0,0,0,0,0
28,LinkN5,LinkN4,-8.56E-17,1.83E-08,0.9975202084,0,0,0,0,0,0
28,LinkN5_Axis,LinkN5,-8.56E-17,-0.06264996529,1.17999959,0,0,0,0,0,0
28,LinkN6,LinkN5,-4.44E-17,-0.06264998019,1.180000067,0,-0.6977683306,0,-2.093308926,0,0
28,LinkN6.002,LinkN6,-8.56E-17,1.83E-08,1.260900617,0,0,0,0,0,0
28,LinkN7,LinkN6,-8.56E-17,1.83E-08,1.260900617,0,0,1.397126913,0,0,0
29,LinkN0,Robot KUKA LBR Iiwa14,0,0,0,0,0,0,0,0,0
29,LinkN0-Axis,LinkN0,-3.49E-08,0,0.1575000286,0,0,0,0,0,0
29,LinkN1,LinkN0,-3.49E-08,0,0.1575000435,0,0,0,0,0,0
29,LinkN1-Axis,LinkN1,-1.55E-09,4.27E-08,0.3600671887,0,0,0,0,0,0
29,LinkN2,LinkN1,-1.55E-09,-7.72E-05,0.3600672483,0,-0.8306889534,0,-0.06495094299,0,0
29,LinkN2-Axis,LinkN2,-1.55E-09,9.60E-09,0.5645002127,0,0,0,0,0,0
29,LinkN3,LinkN2,-1.55E-09,9.60E-09,0.5645001531,0,0,0,0,0,0
29,LinkN3_Axis,LinkN3,-2.22E-16,0.0005000001984,0.780092299,0,0,0,0,0,0
29,LinkN4,LinkN3,-8.56E-17,-0.0002424090198,0.7800923586,0,-0.8156613111,0,-0.4368667603,0,0
29,LinkN4_Axis,LinkN4,-8.56E-17,1.83E-08,0.9975202084,0,0,0,0,0,0
29,LinkN5,LinkN4,-8.56E-17,1.83E-08,0.9975202084,0,0,0,0,0,0
29,LinkN5_Axis,LinkN5,-8.56E-17,-0.06264996529,1.17999959,0,0,0,0,0,0
29,LinkN6,LinkN5,-4.44E-17,-0.06264998019,1.180000067,0,-0.7569539547,0,-1.420454979,0,0
29,LinkN6.002,LinkN6,-8.56E-17,1.83E-08,1.260900617,0,0,0,0,0,0
29,LinkN7,LinkN6,-8.56E-17,1.83E-08,1.260900617,0,0,1.397126913,0,0,0
30,LinkN0,Robot KUKA LBR Iiwa14,0,0,0,0,0,0,0,0,0
30,LinkN0-Axis,LinkN0,-3.49E-08,0,0.1575000286,0,0,0,0,0,0
30,LinkN1,LinkN0,-3.49E-08,0,0.1575000435,0,0,0,0,0,0
30,LinkN1-Axis,LinkN1,-1.55E-09,4.27E-08,0.3600671887,0,0,0,0,0,0
30,LinkN2,LinkN1,-1.55E-09,-7.72E-05,0.3600672483,0,-0.8325971961,0,-0.04579782486,0,0
30,LinkN2-Axis,LinkN2,-1.55E-09,9.60E-09,0.5645002127,0,0,0,0,0,0
30,LinkN3,LinkN2,-1.55E-09,9.60E-09,0.5645001531,0,0,0,0,0,0
30,LinkN3_Axis,LinkN3,-2.22E-16,0.0005000001984,0.780092299,0,0,0,0,0,0
30,LinkN4,LinkN3,-8.56E-17,-0.0002424090198,0.7800923586,0,-0.8356713057,0,-0.4802398682,0,0
30,LinkN4_Axis,LinkN4,-8.56E-17,1.83E-08,0.9975202084,0,0,0,0,0,0
30,LinkN5,LinkN4,-8.56E-17,1.83E-08,0.9975202084,0,0,0,0,0,0
30,LinkN5_Axis,LinkN5,-8.56E-17,-0.06264996529,1.17999959,0,0,0,0,0,0
30,LinkN6,LinkN5,-4.44E-17,-0.06264998019,1.180000067,0,-0.7787591815,0,-0.5233254433,0,0
30,LinkN6.002,LinkN6,-8.56E-17,1.83E-08,1.260900617,0,0,0,0,0,0
30,LinkN7,LinkN6,-8.56E-17,1.83E-08,1.260900617,0,0,1.397126913,0,0,0
31,LinkN0,Robot KUKA LBR Iiwa14,0,0,0,0,0,0,0,0,0
31,LinkN0-Axis,LinkN0,-3.49E-08,0,0.1575000286,0,0,0,0,0,0
31,LinkN1,LinkN0,-3.49E-08,0,0.1575000435,0,0,0,0,0,0
31,LinkN1-Axis,LinkN1,-1.55E-09,4.27E-08,0.3600671887,0,0,0,0,0,0
31,LinkN2,LinkN1,-1.55E-09,-7.72E-05,0.3600672483,0,-0.8338798285,0,-0.03078317642,0,0
31,LinkN2-Axis,LinkN2,-1.55E-09,9.60E-09,0.5645002127,0,0,0,0,0,0
31,LinkN3,LinkN2,-1.55E-09,9.60E-09,0.5645001531,0,0,0,0,0,0
31,LinkN3_Axis,LinkN3,-2.22E-16,0.0005000001984,0.780092299,0,0,0,0,0,0
31,LinkN4,LinkN3,-8.56E-17,-0.0002424090198,0.7800923586,0,-0.8584378362,0,-0.5463967323,0,0
31,LinkN4_Axis,LinkN4,-8.56E-17,1.83E-08,0.9975202084,0,0,0,0,0,0
31,LinkN5,LinkN4,-8.56E-17,1.83E-08,0.9975202084,0,0,0,0,0,0
31,LinkN5_Axis,LinkN5,-8.56E-17,-0.06264996529,1.17999959,0,0,0,0,0,0
31,LinkN6,LinkN5,-4.44E-17,-0.06264998019,1.180000067,0,-0.7787591815,0,0,0,0
31,LinkN6.002,LinkN6,-8.56E-17,1.83E-08,1.260900617,0,0,0,0,0,0
31,LinkN7,LinkN6,-8.56E-17,1.83E-08,1.260900617,0,0,1.397126913,0,0,0
32,LinkN0,Robot KUKA LBR Iiwa14,0,0,0,0,0,0,0,0,0
32,LinkN0-Axis,LinkN0,-3.49E-08,0,0.1575000286,0,0,0,0,0,0
32,LinkN1,LinkN0,-3.49E-08,0,0.1575000435,0,0,0,0,0,0
32,LinkN1-Axis,LinkN1,-1.55E-09,4.27E-08,0.3600671887,0,0,0,0,0,0
32,LinkN2,LinkN1,-1.55E-09,-7.72E-05,0.3600672483,0,-0.8347128034,0,-0.01999139786,0,0
32,LinkN2-Axis,LinkN2,-1.55E-09,9.60E-09,0.5645002127,0,0,0,0,0,0
32,LinkN3,LinkN2,-1.55E-09,9.60E-09,0.5645001531,0,0,0,0,0,0
32,LinkN3_Axis,LinkN3,-2.22E-16,0.0005000001984,0.780092299,0,0,0,0,0,0
32,LinkN4,LinkN3,-8.56E-17,-0.0002424090198,0.7800923586,0,-0.8833035827,0,-0.596777916,0,0
32,LinkN4_Axis,LinkN4,-8.56E-17,1.83E-08,0.9975202084,0,0,0,0,0,0
32,LinkN5,LinkN4,-8.56E-17,1.83E-08,0.9975202084,0,0,0,0,0,0
32,LinkN5_Axis,LinkN5,-8.56E-17,-0.06264996529,1.17999959,0,0,0,0,0,0
32,LinkN6,LinkN5,-4.44E-17,-0.06264998019,1.180000067,0,-0.7787591815,0,0,0,0
32,LinkN6.002,LinkN6,-8.56E-17,1.83E-08,1.260900617,0,0,0,0,0,0
32,LinkN7,LinkN6,-8.56E-17,1.83E-08,1.260900617,0,0,1.397126913,0,0,0
33,LinkN0,Robot KUKA LBR Iiwa14,0,0,0,0,0,0,0,0,0
33,LinkN0-Axis,LinkN0,-3.49E-08,0,0.1575000286,0,0,0,0,0,0
33,LinkN1,LinkN0,-3.49E-08,0,0.1575000435,0,0,0,0,0,0
33,LinkN1-Axis,LinkN1,-1.55E-09,4.27E-08,0.3600671887,0,0,0,0,0,0
33,LinkN2,LinkN1,-1.55E-09,-7.72E-05,0.3600672483,0,-0.8352730274,0,-0.01344537735,0,0
33,LinkN2-Axis,LinkN2,-1.55E-09,9.60E-09,0.5645002127,0,0,0,0,0,0
33,LinkN3,LinkN2,-1.55E-09,9.60E-09,0.5645001531,0,0,0,0,0,0
33,LinkN3_Axis,LinkN3,-2.22E-16,0.0005000001984,0.780092299,0,0,0,0,0,0
33,LinkN4,LinkN3,-8.56E-17,-0.0002424090198,0.7800923586,0,-0.909209609,0,-0.6217446327,0,0
33,LinkN4_Axis,LinkN4,-8.56E-17,1.83E-08,0.9975202084,0,0,0,0,0,0
33,LinkN5,LinkN4,-8.56E-17,1.83E-08,0.9975202084,0,0,0,0,0,0
33,LinkN5_Axis,LinkN5,-8.56E-17,-0.06264996529,1.17999959,0,0,0,0,0,0
33,LinkN6,LinkN5,-4.44E-17,-0.06264998019,1.180000067,0,-0.7787591815,0,0,0,0
33,LinkN6.002,LinkN6,-8.56E-17,1.83E-08,1.260900617,0,0,0,0,0,0
33,LinkN7,LinkN6,-8.56E-17,1.83E-08,1.260900617,0,0,1.397126913,0,0,0
34,LinkN0,Robot KUKA LBR Iiwa14,0,0,0,0,0,0,0,0,0
34,LinkN0-Axis,LinkN0,-3.49E-08,0,0.1575000286,0,0,0,0,0,0
34,LinkN1,LinkN0,-3.49E-08,0,0.1575000435,0,0,0,0,0,0
34,LinkN1-Axis,LinkN1,-1.55E-09,4.27E-08,0.3600671887,0,0,0,0,0,0
34,LinkN2,LinkN1,-1.55E-09,-7.72E-05,0.3600672483,0,-0.8357374668,0,-0.01114654541,0,0
34,LinkN2-Axis,LinkN2,-1.55E-09,9.60E-09,0.5645002127,0,0,0,0,0,0
34,LinkN3,LinkN2,-1.55E-09,9.60E-09,0.5645001531,0,0,0,0,0,0
34,LinkN3_Axis,LinkN3,-2.22E-16,0.0005000001984,0.780092299,0,0,0,0,0,0
34,LinkN4,LinkN3,-8.56E-17,-0.0002424090198,0.7800923586,0,-0.935097158,0,-0.6213011742,0,0
34,LinkN4_Axis,LinkN4,-8.56E-17,1.83E-08,0.9975202084,0,0,0,0,0,0
34,LinkN5,LinkN4,-8.56E-17,1.83E-08,0.9975202084,0,0,0,0,0,0
34,LinkN5_Axis,LinkN5,-8.56E-17,-0.06264996529,1.17999959,0,0,0,0,0,0
34,LinkN6,LinkN5,-4.44E-17,-0.06264998019,1.180000067,0,-0.7787591815,0,0,0,0
34,LinkN6.002,LinkN6,-8.56E-17,1.83E-08,1.260900617,0,0,0,0,0,0
34,LinkN7,LinkN6,-8.56E-17,1.83E-08,1.260900617,0,0,1.397126913,0,0,0
35,LinkN0,Robot KUKA LBR Iiwa14,0,0,0,0,0,0,0,0,0
35,LinkN0-Axis,LinkN0,-3.49E-08,0,0.1575000286,0,0,0,0,0,0
35,LinkN1,LinkN0,-3.49E-08,0,0.1575000435,0,0,0,0,0,0
35,LinkN1-Axis,LinkN1,-1.55E-09,4.27E-08,0.3600671887,0,0,0,0,0,0
35,LinkN2,LinkN1,-1.55E-09,-7.72E-05,0.3600672483,0,-0.8362830281,0,-0.01309347153,0,0
35,LinkN2-Axis,LinkN2,-1.55E-09,9.60E-09,0.5645002127,0,0,0,0,0,0
35,LinkN3,LinkN2,-1.55E-09,9.60E-09,0.5645001531,0,0,0,0,0,0
35,LinkN3_Axis,LinkN3,-2.22E-16,0.0005000001984,0.780092299,0,0,0,0,0,0
35,LinkN4,LinkN3,-8.56E-17,-0.0002424090198,0.7800923586,0,-0.9599071741,0,-0.5954403877,0,0
35,LinkN4_Axis,LinkN4,-8.56E-17,1.83E-08,0.9975202084,0,0,0,0,0,0
35,LinkN5,LinkN4,-8.56E-17,1.83E-08,0.9975202084,0,0,0,0,0,0
35,LinkN5_Axis,LinkN5,-8.56E-17,-0.06264996529,1.17999959,0,0,0,0,0,0
35,LinkN6,LinkN5,-4.44E-17,-0.06264998019,1.180000067,0,-0.7787591815,0,0,0,0
35,LinkN6.002,LinkN6,-8.56E-17,1.83E-08,1.260900617,0,0,0,0,0,0
35,LinkN7,LinkN6,-8.56E-17,1.83E-08,1.260900617,0,0,1.397126913,0,0,0
36,LinkN0,Robot KUKA LBR Iiwa14,0,0,0,0,0,0,0,0,0
36,LinkN0-Axis,LinkN0,-3.49E-08,0,0.1575000286,0,0,0,0,0,0
36,LinkN1,LinkN0,-3.49E-08,0,0.1575000435,0,0,0,0,0,0
36,LinkN1-Axis,LinkN1,-1.55E-09,4.27E-08,0.3600671887,0,0,0,0,0,0
36,LinkN2,LinkN1,-1.55E-09,-7.72E-05,0.3600672483,0,-0.8370866179,0,-0.0192861557,0,0
36,LinkN2-Axis,LinkN2,-1.55E-09,9.60E-09,0.5645002127,0,0,0,0,0,0
36,LinkN3,LinkN2,-1.55E-09,9.60E-09,0.5645001531,0,0,0,0,0,0
36,LinkN3_Axis,LinkN3,-2.22E-16,0.0005000001984,0.780092299,0,0,0,0,0,0
36,LinkN4,LinkN3,-8.56E-17,-0.0002424090198,0.7800923586,0,-0.9825809002,0,-0.544169426,0,0
36,LinkN4_Axis,LinkN4,-8.56E-17,1.83E-08,0.9975202084,0,0,0,0,0,0
36,LinkN5,LinkN4,-8.56E-17,1.83E-08,0.9975202084,0,0,0,0,0,0
36,LinkN5_Axis,LinkN5,-8.56E-17,-0.06264996529,1.17999959,0,0,0,0,0,0
36,LinkN6,LinkN5,-4.44E-17,-0.06264998019,1.180000067,0,-0.7787591815,0,0,0,0
36,LinkN6.002,LinkN6,-8.56E-17,1.83E-08,1.260900617,0,0,0,0,0,0
36,LinkN7,LinkN6,-8.56E-17,1.83E-08,1.260900617,0,0,1.397126913,0,0,0
37,LinkN0,Robot KUKA LBR Iiwa14,0,0,0,0,0,0,0,0,0
37,LinkN0-Axis,LinkN0,-3.49E-08,0,0.1575000286,0,0,0,0,0,0
37,LinkN1,LinkN0,-3.49E-08,0,0.1575000435,0,0,0,0,0,0
37,LinkN1-Axis,LinkN1,-1.55E-09,4.27E-08,0.3600671887,0,0,0,0,0,0
37,LinkN2,LinkN1,-1.55E-09,-7.72E-05,0.3600672483,0,-0.8383251429,0,-0.02972459793,0,0
37,LinkN2-Axis,LinkN2,-1.55E-09,9.60E-09,0.5645002127,0,0,0,0,0,0
37,LinkN3,LinkN2,-1.55E-09,9.60E-09,0.5645001531,0,0,0,0,0,0
37,LinkN3_Axis,LinkN3,-2.22E-16,0.0005000001984,0.780092299,0,0,0,0,0,0
37,LinkN4,LinkN3,-8.56E-17,-0.0002424090198,0.7800923586,0,-1.002059221,0,-0.4674797058,0,0
37,LinkN4_Axis,LinkN4,-8.56E-17,1.83E-08,0.9975202084,0,0,0,0,0,0
37,LinkN5,LinkN4,-8.56E-17,1.83E-08,0.9975202084,0,0,0,0,0,0
37,LinkN5_Axis,LinkN5,-8.56E-17,-0.06264996529,1.17999959,0,0,0,0,0,0
37,LinkN6,LinkN5,-4.44E-17,-0.06264998019,1.180000067,0,-0.7787591815,0,0,0,0
37,LinkN6.002,LinkN6,-8.56E-17,1.83E-08,1.260900617,0,0,0,0,0,0
37,LinkN7,LinkN6,-8.56E-17,1.83E-08,1.260900617,0,0,1.397126913,0,0,0
38,LinkN0,Robot KUKA LBR Iiwa14,0,0,0,0,0,0,0,0,0
38,LinkN0-Axis,LinkN0,-3.49E-08,0,0.1575000286,0,0,0,0,0,0
38,LinkN1,LinkN0,-3.49E-08,0,0.1575000435,0,0,0,0,0,0
38,LinkN1-Axis,LinkN1,-1.55E-09,4.27E-08,0.3600671887,0,0,0,0,0,0
38,LinkN2,LinkN1,-1.55E-09,-7.72E-05,0.3600672483,0,-0.8401755095,0,-0.04440879822,0,0
38,LinkN2-Axis,LinkN2,-1.55E-09,9.60E-09,0.5645002127,0,0,0,0,0,0
38,LinkN3,LinkN2,-1.55E-09,9.60E-09,0.5645001531,0,0,0,0,0,0
38,LinkN3_Axis,LinkN3,-2.22E-16,0.0005000001984,0.780092299,0,0,0,0,0,0
38,LinkN4,LinkN3,-8.56E-17,-0.0002424090198,0.7800923586,0,-1.01728332,0,-0.3653783798,0,0
38,LinkN4_Axis,LinkN4,-8.56E-17,1.83E-08,0.9975202084,0,0,0,0,0,0
38,LinkN5,LinkN4,-8.56E-17,1.83E-08,0.9975202084,0,0,0,0,0,0
38,LinkN5_Axis,LinkN5,-8.56E-17,-0.06264996529,1.17999959,0,0,0,0,0,0
38,LinkN6,LinkN5,-4.44E-17,-0.06264998019,1.180000067,0,-0.7787591815,0,0,0,0
38,LinkN6.002,LinkN6,-8.56E-17,1.83E-08,1.260900617,0,0,0,0,0,0
38,LinkN7,LinkN6,-8.56E-17,1.83E-08,1.260900617,0,0,1.397126913,0,0,0
39,LinkN0,Robot KUKA LBR Iiwa14,0,0,0,0,0,0,0,0,0
39,LinkN0-Axis,LinkN0,-3.49E-08,0,0.1575000286,0,0,0,0,0,0
39,LinkN1,LinkN0,-3.49E-08,0,0.1575000435,0,0,0,0,0,0
39,LinkN1-Axis,LinkN1,-1.55E-09,4.27E-08,0.3600671887,0,0,0,0,0,0
39,LinkN2,LinkN1,-1.55E-09,-7.72E-05,0.3600672483,0,-0.8428147435,0,-0.06334161758,0,0
39,LinkN2-Axis,LinkN2,-1.55E-09,9.60E-09,0.5645002127,0,0,0,0,0,0
39,LinkN3,LinkN2,-1.55E-09,9.60E-09,0.5645001531,0,0,0,0,0,0
39,LinkN3_Axis,LinkN3,-2.22E-16,0.0005000001984,0.780092299,0,0,0,0,0,0
39,LinkN4,LinkN3,-8.56E-17,-0.0002424090198,0.7800923586,0,-1.027194381,0,-0.237865448,0,0
39,LinkN4_Axis,LinkN4,-8.56E-17,1.83E-08,0.9975202084,0,0,0,0,0,0
39,LinkN5,LinkN4,-8.56E-17,1.83E-08,0.9975202084,0,0,0,0,0,0
39,LinkN5_Axis,LinkN5,-8.56E-17,-0.06264996529,1.17999959,0,0,0,0,0,0
39,LinkN6,LinkN5,-4.44E-17,-0.06264998019,1.180000067,0,-0.7787591815,0,0,0,0
39,LinkN6.002,LinkN6,-8.56E-17,1.83E-08,1.260900617,0,0,0,0,0,0
39,LinkN7,LinkN6,-8.56E-17,1.83E-08,1.260900617,0,0,1.397126913,0,0,0
40,LinkN0,Robot KUKA LBR Iiwa14,0,0,0,0,0,0,0,0,0
40,LinkN0-Axis,LinkN0,-3.49E-08,0,0.1575000286,0,0,0,0,0,0
40,LinkN1,LinkN0,-3.49E-08,0,0.1575000435,0,0,0,0,0,0
40,LinkN1-Axis,LinkN1,-1.55E-09,4.27E-08,0.3600671887,0,0,0,0,0,0
40,LinkN2,LinkN1,-1.55E-09,-7.72E-05,0.3600672483,0,-0.8464196324,0,-0.08651733398,0,0
40,LinkN2-Axis,LinkN2,-1.55E-09,9.60E-09,0.5645002127,0,0,0,0,0,0
40,LinkN3,LinkN2,-1.55E-09,9.60E-09,0.5645001531,0,0,0,0,0,0
40,LinkN3_Axis,LinkN3,-2.22E-16,0.0005000001984,0.780092299,0,0,0,0,0,0
40,LinkN4,LinkN3,-8.56E-17,-0.0002424090198,0.7800923586,0,-1.030733347,0,-0.08493518829,0,0
40,LinkN4_Axis,LinkN4,-8.56E-17,1.83E-08,0.9975202084,0,0,0,0,0,0
40,LinkN5,LinkN4,-8.56E-17,1.83E-08,0.9975202084,0,0,0,0,0,0
40,LinkN5_Axis,LinkN5,-8.56E-17,-0.06264996529,1.17999959,0,0,0,0,0,0
40,LinkN6,LinkN5,-4.44E-17,-0.06264998019,1.180000067,0,-0.7787591815,0,0,0,0
40,LinkN6.002,LinkN6,-8.56E-17,1.83E-08,1.260900617,0,0,0,0,0,0
40,LinkN7,LinkN6,-8.56E-17,1.83E-08,1.260900617,0,0,1.397126913,0,0,0
41,LinkN0,Robot KUKA LBR Iiwa14,0,0,0,0,0,0,0,0,0
41,LinkN0-Axis,LinkN0,-3.49E-08,0,0.1575000286,0,0,0,0,0,0
41,LinkN1,LinkN0,-3.49E-08,0,0.1575000435,0,0,0,0,0,0
41,LinkN1-Axis,LinkN1,-1.55E-09,4.27E-08,0.3600671887,0,0,0,0,0,0
41,LinkN2,LinkN1,-1.55E-09,-7.72E-05,0.3600672483,0,-0.8553013802,0,-0.2131619453,0,0
41,LinkN2-Axis,LinkN2,-1.55E-09,9.60E-09,0.5645002127,0,0,0,0,0,0
41,LinkN3,LinkN2,-1.55E-09,9.60E-09,0.5645001531,0,0,0,0,0,0
41,LinkN3_Axis,LinkN3,-2.22E-16,0.0005000001984,0.780092299,0,0,0,0,0,0
41,LinkN4,LinkN3,-8.56E-17,-0.0002424090198,0.7800923586,0,-1.030733347,0,0,0,0
41,LinkN4_Axis,LinkN4,-8.56E-17,1.83E-08,0.9975202084,0,0,0,0,0,0
41,LinkN5,LinkN4,-8.56E-17,1.83E-08,0.9975202084,0,0,0,0,0,0
41,LinkN5_Axis,LinkN5,-8.56E-17,-0.06264996529,1.17999959,0,0,0,0,0,0
41,LinkN6,LinkN5,-4.44E-17,-0.06264998019,1.180000067,0,-0.7787591815,0,0,0,0
41,LinkN6.002,LinkN6,-8.56E-17,1.83E-08,1.260900617,0,0,0,0,0,0
41,LinkN7,LinkN6,-8.56E-17,1.83E-08,1.260900617,0,0,1.397126913,0,0,0
42,LinkN0,Robot KUKA LBR Iiwa14,0,0,0,0,0,0,0,0,0
42,LinkN0-Axis,LinkN0,-3.49E-08,0,0.1575000286,0,0,0,0,0,0
42,LinkN1,LinkN0,-3.49E-08,0,0.1575000435,0,0,0,0,0,0
42,LinkN1-Axis,LinkN1,-1.55E-09,4.27E-08,0.3600671887,0,0,0,0,0,0
42,LinkN2,LinkN1,-1.55E-09,-7.72E-05,0.3600672483,0,-0.8722411394,0,-0.4065542221,0,0
42,LinkN2-Axis,LinkN2,-1.55E-09,9.60E-09,0.5645002127,0,0,0,0,0,0
42,LinkN3,LinkN2,-1.55E-09,9.60E-09,0.5645001531,0,0,0,0,0,0
42,LinkN3_Axis,LinkN3,-2.22E-16,0.0005000001984,0.780092299,0,0,0,0,0,0
42,LinkN4,LinkN3,-8.56E-17,-0.0002424090198,0.7800923586,0,-1.030733347,0,0,0,0
42,LinkN4_Axis,LinkN4,-8.56E-17,1.83E-08,0.9975202084,0,0,0,0,0,0
42,LinkN5,LinkN4,-8.56E-17,1.83E-08,0.9975202084,0,0,0,0,0,0
42,LinkN5_Axis,LinkN5,-8.56E-17,-0.06264996529,1.17999959,0,0,0,0,0,0
42,LinkN6,LinkN5,-4.44E-17,-0.06264998019,1.180000067,0,-0.7787591815,0,0,0,0
42,LinkN6.002,LinkN6,-8.56E-17,1.83E-08,1.260900617,0,0,0,0,0,0
42,LinkN7,LinkN6,-8.56E-17,1.83E-08,1.260900617,0,0,1.397126913,0,0,0
43,LinkN0,Robot KUKA LBR Iiwa14,0,0,0,0,0,0,0,0,0
43,LinkN0-Axis,LinkN0,-3.49E-08,0,0.1575000286,0,0,0,0,0,0
43,LinkN1,LinkN0,-3.49E-08,0,0.1575000435,0,0,0,0,0,0
43,LinkN1-Axis,LinkN1,-1.55E-09,4.27E-08,0.3600671887,0,0,0,0,0,0
43,LinkN2,LinkN1,-1.55E-09,-7.72E-05,0.3600672483,0,-0.8951206207,0,-0.5491075516,0,0
43,LinkN2-Axis,LinkN2,-1.55E-09,9.60E-09,0.5645002127,0,0,0,0,0,0
43,LinkN3,LinkN2,-1.55E-09,9.60E-09,0.5645001531,0,0,0,0,0,0
43,LinkN3_Axis,LinkN3,-2.22E-16,0.0005000001984,0.780092299,0,0,0,0,0,0
43,LinkN4,LinkN3,-8.56E-17,-0.0002424090198,0.7800923586,0,-1.030733347,0,0,0,0
43,LinkN4_Axis,LinkN4,-8.56E-17,1.83E-08,0.9975202084,0,0,0,0,0,0
43,LinkN5,LinkN4,-8.56E-17,1.83E-08,0.9975202084,0,0,0,0,0,0
43,LinkN5_Axis,LinkN5,-8.56E-17,-0.06264996529,1.17999959,0,0,0,0,0,0
43,LinkN6,LinkN5,-4.44E-17,-0.06264998019,1.180000067,0,-0.7787591815,0,0,0,0
43,LinkN6.002,LinkN6,-8.56E-17,1.83E-08,1.260900617,0,0,0,0,0,0
43,LinkN7,LinkN6,-8.56E-17,1.83E-08,1.260900617,0,0,1.397126913,0,0,0
44,LinkN0,Robot KUKA LBR Iiwa14,0,0,0,0,0,0,0,0,0
44,LinkN0-Axis,LinkN0,-3.49E-08,0,0.1575000286,0,0,0,0,0,0
44,LinkN1,LinkN0,-3.49E-08,0,0.1575000435,0,0,0,0,0,0
44,LinkN1-Axis,LinkN1,-1.55E-09,4.27E-08,0.3600671887,0,0,0,0,0,0
44,LinkN2,LinkN1,-1.55E-09,-7.72E-05,0.3600672483,0,-0.9218217134,0,-0.6408262253,0,0
44,LinkN2-Axis,LinkN2,-1.55E-09,9.60E-09,0.5645002127,0,0,0,0,0,0
44,LinkN3,LinkN2,-1.55E-09,9.60E-09,0.5645001531,0,0,0,0,0,0
44,LinkN3_Axis,LinkN3,-2.22E-16,0.0005000001984,0.780092299,0,0,0,0,0,0
44,LinkN4,LinkN3,-8.56E-17,-0.0002424090198,0.7800923586,0,-1.030733347,0,0,0,0
44,LinkN4_Axis,LinkN4,-8.56E-17,1.83E-08,0.9975202084,0,0,0,0,0,0
44,LinkN5,LinkN4,-8.56E-17,1.83E-08,0.9975202084,0,0,0,0,0,0
44,LinkN5_Axis,LinkN5,-8.56E-17,-0.06264996529,1.17999959,0,0,0,0,0,0
44,LinkN6,LinkN5,-4.44E-17,-0.06264998019,1.180000067,0,-0.7787591815,0,0,0,0
44,LinkN6.002,LinkN6,-8.56E-17,1.83E-08,1.260900617,0,0,0,0,0,0
44,LinkN7,LinkN6,-8.56E-17,1.83E-08,1.260900617,0,0,1.397126913,0,0,0
45,LinkN0,Robot KUKA LBR Iiwa14,0,0,0,0,0,0,0,0,0
45,LinkN0-Axis,LinkN0,-3.49E-08,0,0.1575000286,0,0,0,0,0,0
45,LinkN1,LinkN0,-3.49E-08,0,0.1575000435,0,0,0,0,0,0
45,LinkN1-Axis,LinkN1,-1.55E-09,4.27E-08,0.3600671887,0,0,0,0,0,0
45,LinkN2,LinkN1,-1.55E-09,-7.72E-05,0.3600672483,0,-0.9502263665,0,-0.6817116737,0,0
45,LinkN2-Axis,LinkN2,-1.55E-09,9.60E-09,0.5645002127,0,0,0,0,0,0
45,LinkN3,LinkN2,-1.55E-09,9.60E-09,0.5645001531,0,0,0,0,0,0
45,LinkN3_Axis,LinkN3,-2.22E-16,0.0005000001984,0.780092299,0,0,0,0,0,0
45,LinkN4,LinkN3,-8.56E-17,-0.0002424090198,0.7800923586,0,-1.030733347,0,0,0,0
45,LinkN4_Axis,LinkN4,-8.56E-17,1.83E-08,0.9975202084,0,0,0,0,0,0
45,LinkN5,LinkN4,-8.56E-17,1.83E-08,0.9975202084,0,0,0,0,0,0
45,LinkN5_Axis,LinkN5,-8.56E-17,-0.06264996529,1.17999959,0,0,0,0,0,0
45,LinkN6,LinkN5,-4.44E-17,-0.06264998019,1.180000067,0,-0.7787591815,0,0,0,0
45,LinkN6.002,LinkN6,-8.56E-17,1.83E-08,1.260900617,0,0,0,0,0,0
45,LinkN7,LinkN6,-8.56E-17,1.83E-08,1.260900617,0,0,1.397126913,0,0,0
46,LinkN0,Robot KUKA LBR Iiwa14,0,0,0,0,0,0,0,0,0
46,LinkN0-Axis,LinkN0,-3.49E-08,0,0.1575000286,0,0,0,0,0,0
46,LinkN1,LinkN0,-3.49E-08,0,0.1575000435,0,0,0,0,0,0
46,LinkN1-Axis,LinkN1,-1.55E-09,4.27E-08,0.3600671887,0,0,0,0,0,0
46,LinkN2,LinkN1,-1.55E-09,-7.72E-05,0.3600672483,0,-0.9782163501,0,-0.6717596054,0,0
46,LinkN2-Axis,LinkN2,-1.55E-09,9.60E-09,0.5645002127,0,0,0,0,0,0
46,LinkN3,LinkN2,-1.55E-09,9.60E-09,0.5645001531,0,0,0,0,0,0
46,LinkN3_Axis,LinkN3,-2.22E-16,0.0005000001984,0.780092299,0,0,0,0,0,0
46,LinkN4,LinkN3,-8.56E-17,-0.0002424090198,0.7800923586,0,-1.030733347,0,0,0,0
46,LinkN4_Axis,LinkN4,-8.56E-17,1.83E-08,0.9975202084,0,0,0,0,0,0
46,LinkN5,LinkN4,-8.56E-17,1.83E-08,0.9975202084,0,0,0,0,0,0
46,LinkN5_Axis,LinkN5,-8.56E-17,-0.06264996529,1.17999959,0,0,0,0,0,0
46,LinkN6,LinkN5,-4.44E-17,-0.06264998019,1.180000067,0,-0.7787591815,0,0,0,0
46,LinkN6.002,LinkN6,-8.56E-17,1.83E-08,1.260900617,0,0,0,0,0,0
46,LinkN7,LinkN6,-8.56E-17,1.83E-08,1.260900617,0,0,1.397126913,0,0,0
47,LinkN0,Robot KUKA LBR Iiwa14,0,0,0,0,0,0,0,0,0
47,LinkN0-Axis,LinkN0,-3.49E-08,0,0.1575000286,0,0,0,0,0,0
47,LinkN1,LinkN0,-3.49E-08,0,0.1575000435,0,0,0,0,0,0
47,LinkN1-Axis,LinkN1,-1.55E-09,4.27E-08,0.3600671887,0,0,0,0,0,0
47,LinkN2,LinkN1,-1.55E-09,-7.72E-05,0.3600672483,0,-1.003673434,0,-0.6109700203,0,0
47,LinkN2-Axis,LinkN2,-1.55E-09,9.60E-09,0.5645002127,0,0,0,0,0,0
47,LinkN3,LinkN2,-1.55E-09,9.60E-09,0.5645001531,0,0,0,0,0,0
47,LinkN3_Axis,LinkN3,-2.22E-16,0.0005000001984,0.780092299,0,0,0,0,0,0
47,LinkN4,LinkN3,-8.56E-17,-0.0002424090198,0.7800923586,0,-1.030733347,0,0,0,0
47,LinkN4_Axis,LinkN4,-8.56E-17,1.83E-08,0.9975202084,0,0,0,0,0,0
47,LinkN5,LinkN4,-8.56E-17,1.83E-08,0.9975202084,0,0,0,0,0,0
47,LinkN5_Axis,LinkN5,-8.56E-17,-0.06264996529,1.17999959,0,0,0,0,0,0
47,LinkN6,LinkN5,-4.44E-17,-0.06264998019,1.180000067,0,-0.7787591815,0,0,0,0
47,LinkN6.002,LinkN6,-8.56E-17,1.83E-08,1.260900617,0,0,0,0,0,0
47,LinkN7,LinkN6,-8.56E-17,1.83E-08,1.260900617,0,0,1.397126913,0,0,0
48,LinkN0,Robot KUKA LBR Iiwa14,0,0,0,0,0,0,0,0,0
48,LinkN0-Axis,LinkN0,-3.49E-08,0,0.1575000286,0,0,0,0,0,0
48,LinkN1,LinkN0,-3.49E-08,0,0.1575000435,0,0,0,0,0,0
48,LinkN1-Axis,LinkN1,-1.55E-09,4.27E-08,0.3600671887,0,0,0,0,0,0
48,LinkN2,LinkN1,-1.55E-09,-7.72E-05,0.3600672483,0,-1.024479628,0,-0.4993486404,0,0
48,LinkN2-Axis,LinkN2,-1.55E-09,9.60E-09,0.5645002127,0,0,0,0,0,0
48,LinkN3,LinkN2,-1.55E-09,9.60E-09,0.5645001531,0,0,0,0,0,0
48,LinkN3_Axis,LinkN3,-2.22E-16,0.0005000001984,0.780092299,0,0,0,0,0,0
48,LinkN4,LinkN3,-8.56E-17,-0.0002424090198,0.7800923586,0,-1.030733347,0,0,0,0
48,LinkN4_Axis,LinkN4,-8.56E-17,1.83E-08,0.9975202084,0,0,0,0,0,0
48,LinkN5,LinkN4,-8.56E-17,1.83E-08,0.9975202084,0,0,0,0,0,0
48,LinkN5_Axis,LinkN5,-8.56E-17,-0.06264996529,1.17999959,0,0,0,0,0,0
48,LinkN6,LinkN5,-4.44E-17,-0.06264998019,1.180000067,0,-0.7787591815,0,0,0,0
48,LinkN6.002,LinkN6,-8.56E-17,1.83E-08,1.260900617,0,0,0,0,0,0
48,LinkN7,LinkN6,-8.56E-17,1.83E-08,1.260900617,0,0,1.397126913,0,0,0
49,LinkN0,Robot KUKA LBR Iiwa14,0,0,0,0,0,0,0,0,0
49,LinkN0-Axis,LinkN0,-3.49E-08,0,0.1575000286,0,0,0,0,0,0
49,LinkN1,LinkN0,-3.49E-08,0,0.1575000435,0,0,0,0,0,0
49,LinkN1-Axis,LinkN1,-1.55E-09,4.27E-08,0.3600671887,0,0,0,0,0,0
49,LinkN2,LinkN1,-1.55E-09,-7.72E-05,0.3600672483,0,-1.038516521,0,-0.3368854523,0,0
49,LinkN2-Axis,LinkN2,-1.55E-09,9.60E-09,0.5645002127,0,0,0,0,0,0
49,LinkN3,LinkN2,-1.55E-09,9.60E-09,0.5645001531,0,0,0,0,0,0
49,LinkN3_Axis,LinkN3,-2.22E-16,0.0005000001984,0.780092299,0,0,0,0,0,0
49,LinkN4,LinkN3,-8.56E-17,-0.0002424090198,0.7800923586,0,-1.030733347,0,0,0,0
49,LinkN4_Axis,LinkN4,-8.56E-17,1.83E-08,0.9975202084,0,0,0,0,0,0
49,LinkN5,LinkN4,-8.56E-17,1.83E-08,0.9975202084,0,0,0,0,0,0
49,LinkN5_Axis,LinkN5,-8.56E-17,-0.06264996529,1.17999959,0,0,0,0,0,0
49,LinkN6,LinkN5,-4.44E-17,-0.06264998019,1.180000067,0,-0.7787591815,0,0,0,0
49,LinkN6.002,LinkN6,-8.56E-17,1.83E-08,1.260900617,0,0,0,0,0,0
49,LinkN7,LinkN6,-8.56E-17,1.83E-08,1.260900617,0,0,1.397126913,0,0,0
50,LinkN0,Robot KUKA LBR Iiwa14,0,0,0,0,0,0,0,0,0
50,LinkN0-Axis,LinkN0,-3.49E-08,0,0.1575000286,0,0,0,0,0,0
50,LinkN1,LinkN0,-3.49E-08,0,0.1575000435,0,0,0,0,0,0
50,LinkN1-Axis,LinkN1,-1.55E-09,4.27E-08,0.3600671887,0,0,0,0,0,0
50,LinkN2,LinkN1,-1.55E-09,-7.72E-05,0.3600672483,0,-1.043666244,0,-0.1235933304,0,0
50,LinkN2-Axis,LinkN2,-1.55E-09,9.60E-09,0.5645002127,0,0,0,0,0,0
50,LinkN3,LinkN2,-1.55E-09,9.60E-09,0.5645001531,0,0,0,0,0,0
50,LinkN3_Axis,LinkN3,-2.22E-16,0.0005000001984,0.780092299,0,0,0,0,0,0
50,LinkN4,LinkN3,-8.56E-17,-0.0002424090198,0.7800923586,0,-1.030733347,0,0,0,0
50,LinkN4_Axis,LinkN4,-8.56E-17,1.83E-08,0.9975202084,0,0,0,0,0,0
50,LinkN5,LinkN4,-8.56E-17,1.83E-08,0.9975202084,0,0,0,0,0,0
50,LinkN5_Axis,LinkN5,-8.56E-17,-0.06264996529,1.17999959,0,0,0,0,0,0
50,LinkN6,LinkN5,-4.44E-17,-0.06264998019,1.180000067,0,-0.7787591815,0,0,0,0
50,LinkN6.002,LinkN6,-8.56E-17,1.83E-08,1.260900617,0,0,0,0,0,0
50,LinkN7,LinkN6,-8.56E-17,1.83E-08,1.260900617,0,0,1.397126913,0,0,0
51,LinkN0,Robot KUKA LBR Iiwa14,0,0,0,0,0,0,0,0,0
51,LinkN0-Axis,LinkN0,-3.49E-08,0,0.1575000286,0,0,0,0,0,0
51,LinkN1,LinkN0,-3.49E-08,0,0.1575000435,0,0,0,0,0,0
51,LinkN1-Axis,LinkN1,-1.55E-09,4.27E-08,0.3600671887,0,0,0,0,0,0
51,LinkN2,LinkN1,-1.55E-09,-7.72E-05,0.3600672483,0,-1.039108157,0,0.1093940735,0,0
51,LinkN2-Axis,LinkN2,-1.55E-09,9.60E-09,0.5645002127,0,0,0,0,0,0
51,LinkN3,LinkN2,-1.55E-09,9.60E-09,0.5645001531,0,0,0,0,0,0
51,LinkN3_Axis,LinkN3,-2.22E-16,0.0005000001984,0.780092299,0,0,0,0,0,0
51,LinkN4,LinkN3,-8.56E-17,-0.0002424090198,0.7800923586,0,-1.025934458,0,0.1151733398,0,0
51,LinkN4_Axis,LinkN4,-8.56E-17,1.83E-08,0.9975202084,0,0,0,0,0,0
51,LinkN5,LinkN4,-8.56E-17,1.83E-08,0.9975202084,0,0,0,0,0,0
51,LinkN5_Axis,LinkN5,-8.56E-17,-0.06264996529,1.17999959,0,0,0,0,0,0
51,LinkN6,LinkN5,-4.44E-17,-0.06264998019,1.180000067,0,-0.7604449987,0,0.4395403862,0,0
51,LinkN6.002,LinkN6,-8.56E-17,1.83E-08,1.260900617,0,0,0,0,0,0
51,LinkN7,LinkN6,-8.56E-17,1.83E-08,1.260900617,0,0,1.397126913,0,0,0
52,LinkN0,Robot KUKA LBR Iiwa14,0,0,0,0,0,0,0,0,0
52,LinkN0-Axis,LinkN0,-3.49E-08,0,0.1575000286,0,0,0,0,0,0
52,LinkN1,LinkN0,-3.49E-08,0,0.1575000435,0,0,0,0,0,0
52,LinkN1-Axis,LinkN1,-1.55E-09,4.27E-08,0.3600671887,0,0,0,0,0,0
52,LinkN2,LinkN1,-1.55E-09,-7.72E-05,0.3600672483,0,-1.026155829,0,0.3108558655,0,0
52,LinkN2-Axis,LinkN2,-1.55E-09,9.60E-09,0.5645002127,0,0,0,0,0,0
52,LinkN3,LinkN2,-1.55E-09,9.60E-09,0.5645001531,0,0,0,0,0,0
52,LinkN3_Axis,LinkN3,-2.22E-16,0.0005000001984,0.780092299,0,0,0,0,0,0
52,LinkN4,LinkN3,-8.56E-17,-0.0002424090198,0.7800923586,0,-1.012414336,0,0.3244829178,0,0
52,LinkN4_Axis,LinkN4,-8.56E-17,1.83E-08,0.9975202084,0,0,0,0,0,0
52,LinkN5,LinkN4,-8.56E-17,1.83E-08,0.9975202084,0,0,0,0,0,0
52,LinkN5_Axis,LinkN5,-8.56E-17,-0.06264996529,1.17999959,0,0,0,0,0,0
52,LinkN6,LinkN5,-4.44E-17,-0.06264998019,1.180000067,0,-0.7107350826,0,1.193037987,0,0
52,LinkN6.002,LinkN6,-8.56E-17,1.83E-08,1.260900617,0,0,0,0,0,0
52,LinkN7,LinkN6,-8.56E-17,1.83E-08,1.260900617,0,0,1.397126913,0,0,0
53,LinkN0,Robot KUKA LBR Iiwa14,0,0,0,0,0,0,0,0,0
53,LinkN0-Axis,LinkN0,-3.49E-08,0,0.1575000286,0,0,0,0,0,0
53,LinkN1,LinkN0,-3.49E-08,0,0.1575000435,0,0,0,0,0,0
53,LinkN1-Axis,LinkN1,-1.55E-09,4.27E-08,0.3600671887,0,0,0,0,0,0
53,LinkN2,LinkN1,-1.55E-09,-7.72E-05,0.3600672483,0,-1.005891323,0,0.4863481522,0,0
53,LinkN2-Axis,LinkN2,-1.55E-09,9.60E-09,0.5645002127,0,0,0,0,0,0
53,LinkN3,LinkN2,-1.55E-09,9.60E-09,0.5645001531,0,0,0,0,0,0
53,LinkN3_Axis,LinkN3,-2.22E-16,0.0005000001984,0.780092299,0,0,0,0,0,0
53,LinkN4,LinkN3,-8.56E-17,-0.0002424090198,0.7800923586,0,-0.9914876223,0,0.5022411346,0,0
53,LinkN4_Axis,LinkN4,-8.56E-17,1.83E-08,0.9975202084,0,0,0,0,0,0
53,LinkN5,LinkN4,-8.56E-17,1.83E-08,0.9975202084,0,0,0,0,0,0
53,LinkN5_Axis,LinkN5,-8.56E-17,-0.06264996529,1.17999959,0,0,0,0,0,0
53,LinkN6,LinkN5,-4.44E-17,-0.06264998019,1.180000067,0,-0.6374784112,0,1.758160114,0,0
53,LinkN6.002,LinkN6,-8.56E-17,1.83E-08,1.260900617,0,0,0,0,0,0
53,LinkN7,LinkN6,-8.56E-17,1.83E-08,1.260900617,0,0,1.397126913,0,0,0
54,LinkN0,Robot KUKA LBR Iiwa14,0,0,0,0,0,0,0,0,0
54,LinkN0-Axis,LinkN0,-3.49E-08,0,0.1575000286,0,0,0,0,0,0
54,LinkN1,LinkN0,-3.49E-08,0,0.1575000435,0,0,0,0,0,0
54,LinkN1-Axis,LinkN1,-1.55E-09,4.27E-08,0.3600671887,0,0,0,0,0,0
54,LinkN2,LinkN1,-1.55E-09,-7.72E-05,0.3600672483,0,-0.9793972373,0,0.6358580589,0,0
54,LinkN2-Axis,LinkN2,-1.55E-09,9.60E-09,0.5645002127,0,0,0,0,0,0
54,LinkN3,LinkN2,-1.55E-09,9.60E-09,0.5645001531,0,0,0,0,0,0
54,LinkN3_Axis,LinkN3,-2.22E-16,0.0005000001984,0.780092299,0,0,0,0,0,0
54,LinkN4,LinkN3,-8.56E-17,-0.0002424090198,0.7800923586,0,-0.9644690752,0,0.6484451294,0,0
54,LinkN4_Axis,LinkN4,-8.56E-17,1.83E-08,0.9975202084,0,0,0,0,0,0
54,LinkN5,LinkN4,-8.56E-17,1.83E-08,0.9975202084,0,0,0,0,0,0
54,LinkN5_Axis,LinkN5,-8.56E-17,-0.06264996529,1.17999959,0,0,0,0,0,0
54,LinkN6,LinkN5,-4.44E-17,-0.06264998019,1.180000067,0,-0.5485238433,0,2.13490963,0,0
54,LinkN6.002,LinkN6,-8.56E-17,1.83E-08,1.260900617,0,0,0,0,0,0
54,LinkN7,LinkN6,-8.56E-17,1.83E-08,1.260900617,0,0,1.397126913,0,0,0
55,LinkN0,Robot KUKA LBR Iiwa14,0,0,0,0,0,0,0,0,0
55,LinkN0-Axis,LinkN0,-3.49E-08,0,0.1575000286,0,0,0,0,0,0
55,LinkN1,LinkN0,-3.49E-08,0,0.1575000435,0,0,0,0,0,0
55,LinkN1-Axis,LinkN1,-1.55E-09,4.27E-08,0.3600671887,0,0,0,0,0,0
55,LinkN2,LinkN1,-1.55E-09,-7.72E-05,0.3600672483,0,-0.9477558136,0,0.7593941689,0,0
55,LinkN2-Axis,LinkN2,-1.55E-09,9.60E-09,0.5645002127,0,0,0,0,0,0
55,LinkN3,LinkN2,-1.55E-09,9.60E-09,0.5645001531,0,0,0,0,0,0
55,LinkN3_Axis,LinkN3,-2.22E-16,0.0005000001984,0.780092299,0,0,0,0,0,0
55,LinkN4,LinkN3,-8.56E-17,-0.0002424090198,0.7800923586,0,-0.9326735735,0,0.763092041,0,0
55,LinkN4_Axis,LinkN4,-8.56E-17,1.83E-08,0.9975202084,0,0,0,0,0,0
55,LinkN5,LinkN4,-8.56E-17,1.83E-08,0.9975202084,0,0,0,0,0,0
55,LinkN5_Axis,LinkN5,-8.56E-17,-0.06264996529,1.17999959,0,0,0,0,0,0
55,LinkN6,LinkN5,-4.44E-17,-0.06264998019,1.180000067,0,-0.4517203569,0,2.323283672,0,0
55,LinkN6.002,LinkN6,-8.56E-17,1.83E-08,1.260900617,0,0,0,0,0,0
55,LinkN7,LinkN6,-8.56E-17,1.83E-08,1.260900617,0,0,1.397126913,0,0,0
56,LinkN0,Robot KUKA LBR Iiwa14,0,0,0,0,0,0,0,0,0
56,LinkN0-Axis,LinkN0,-3.49E-08,0,0.1575000286,0,0,0,0,0,0
56,LinkN1,LinkN0,-3.49E-08,0,0.1575000435,0,0,0,0,0,0
56,LinkN1-Axis,LinkN1,-1.55E-09,4.27E-08,0.3600671887,0,0,0,0,0,0
56,LinkN2,LinkN1,-1.55E-09,-7.72E-05,0.3600672483,0,-0.9120494127,0,0.8569536209,0,0
56,LinkN2-Axis,LinkN2,-1.55E-09,9.60E-09,0.5645002127,0,0,0,0,0,0
56,LinkN3,LinkN2,-1.55E-09,9.60E-09,0.5645001531,0,0,0,0,0,0
56,LinkN3_Axis,LinkN3,-2.22E-16,0.0005000001984,0.780092299,0,0,0,0,0,0
56,LinkN4,LinkN3,-8.56E-17,-0.0002424090198,0.7800923586,0,-0.8974156976,0,0.8461890221,0,0
56,LinkN4_Axis,LinkN4,-8.56E-17,1.83E-08,0.9975202084,0,0,0,0,0,0
56,LinkN5,LinkN4,-8.56E-17,1.83E-08,0.9975202084,0,0,0,0,0,0
56,LinkN5_Axis,LinkN5,-8.56E-17,-0.06264996529,1.17999959,0,0,0,0,0,0
56,LinkN6,LinkN5,-4.44E-17,-0.06264998019,1.180000067,0,-0.3549168706,0,2.323283672,0,0
56,LinkN6.002,LinkN6,-8.56E-17,1.83E-08,1.260900617,0,0,0,0,0,0
56,LinkN7,LinkN6,-8.56E-17,1.83E-08,1.260900617,0,0,1.397126913,0,0,0
57,LinkN0,Robot KUKA LBR Iiwa14,0,0,0,0,0,0,0,0,0
57,LinkN0-Axis,LinkN0,-3.49E-08,0,0.1575000286,0,0,0,0,0,0
57,LinkN1,LinkN0,-3.49E-08,0,0.1575000435,0,0,0,0,0,0
57,LinkN1-Axis,LinkN1,-1.55E-09,4.27E-08,0.3600671887,0,0,0,0,0,0
57,LinkN2,LinkN1,-1.55E-09,-7.72E-05,0.3600672483,0,-0.873360455,0,0.9285349846,0,0
57,LinkN2-Axis,LinkN2,-1.55E-09,9.60E-09,0.5645002127,0,0,0,0,0,0
57,LinkN3,LinkN2,-1.55E-09,9.60E-09,0.5645001531,0,0,0,0,0,0
57,LinkN3_Axis,LinkN3,-2.22E-16,0.0005000001984,0.780092299,0,0,0,0,0,0
57,LinkN4,LinkN3,-8.56E-17,-0.0002424090198,0.7800923586,0,-0.8600103259,0,0.89772892,0,0
57,LinkN4_Axis,LinkN4,-8.56E-17,1.83E-08,0.9975202084,0,0,0,0,0,0
57,LinkN5,LinkN4,-8.56E-17,1.83E-08,0.9975202084,0,0,0,0,0,0
57,LinkN5_Axis,LinkN5,-8.56E-17,-0.06264996529,1.17999959,0,0,0,0,0,0
57,LinkN6,LinkN5,-4.44E-17,-0.06264998019,1.180000067,0,-0.2659623623,0,2.134908199,0,0
57,LinkN6.002,LinkN6,-8.56E-17,1.83E-08,1.260900617,0,0,0,0,0,0
57,LinkN7,LinkN6,-8.56E-17,1.83E-08,1.260900617,0,0,1.397126913,0,0,0
58,LinkN0,Robot KUKA LBR Iiwa14,0,0,0,0,0,0,0,0,0
58,LinkN0-Axis,LinkN0,-3.49E-08,0,0.1575000286,0,0,0,0,0,0
58,LinkN1,LinkN0,-3.49E-08,0,0.1575000435,0,0,0,0,0,0
58,LinkN1-Axis,LinkN1,-1.55E-09,4.27E-08,0.3600671887,0,0,0,0,0,0
58,LinkN2,LinkN1,-1.55E-09,-7.72E-05,0.3600672483,0,-0.8327713013,0,0.9741396904,0,0
58,LinkN2-Axis,LinkN2,-1.55E-09,9.60E-09,0.5645002127,0,0,0,0,0,0
58,LinkN3,LinkN2,-1.55E-09,9.60E-09,0.5645001531,0,0,0,0,0,0
58,LinkN3_Axis,LinkN3,-2.22E-16,0.0005000001984,0.780092299,0,0,0,0,0,0
58,LinkN4,LinkN3,-8.56E-17,-0.0002424090198,0.7800923586,0,-0.8217720389,0,0.9177188873,0,0
58,LinkN4_Axis,LinkN4,-8.56E-17,1.83E-08,0.9975202084,0,0,0,0,0,0
58,LinkN5,LinkN4,-8.56E-17,1.83E-08,0.9975202084,0,0,0,0,0,0
58,LinkN5_Axis,LinkN5,-8.56E-17,-0.06264996529,1.17999959,0,0,0,0,0,0
58,LinkN6,LinkN5,-4.44E-17,-0.06264998019,1.180000067,0,-0.1927055717,0,1.758162975,0,0
58,LinkN6.002,LinkN6,-8.56E-17,1.83E-08,1.260900617,0,0,0,0,0,0
58,LinkN7,LinkN6,-8.56E-17,1.83E-08,1.260900617,0,0,1.397126913,0,0,0
59,LinkN0,Robot KUKA LBR Iiwa14,0,0,0,0,0,0,0,0,0
59,LinkN0-Axis,LinkN0,-3.49E-08,0,0.1575000286,0,0,0,0,0,0
59,LinkN1,LinkN0,-3.49E-08,0,0.1575000435,0,0,0,0,0,0
59,LinkN1-Axis,LinkN1,-1.55E-09,4.27E-08,0.3600671887,0,0,0,0,0,0
59,LinkN2,LinkN1,-1.55E-09,-7.72E-05,0.3600672483,0,-0.7913643122,0,0.9937677383,0,0
59,LinkN2-Axis,LinkN2,-1.55E-09,9.60E-09,0.5645002127,0,0,0,0,0,0
59,LinkN3,LinkN2,-1.55E-09,9.60E-09,0.5645001531,0,0,0,0,0,0
59,LinkN3_Axis,LinkN3,-2.22E-16,0.0005000001984,0.780092299,0,0,0,0,0,0
59,LinkN4,LinkN3,-8.56E-17,-0.0002424090198,0.7800923586,0,-0.7840157151,0,0.9061517715,0,0
59,LinkN4_Axis,LinkN4,-8.56E-17,1.83E-08,0.9975202084,0,0,0,0,0,0
59,LinkN5,LinkN4,-8.56E-17,1.83E-08,0.9975202084,0,0,0,0,0,0
59,LinkN5_Axis,LinkN5,-8.56E-17,-0.06264996529,1.17999959,0,0,0,0,0,0
59,LinkN6,LinkN5,-4.44E-17,-0.06264998019,1.180000067,0,-0.1429957747,0,1.193035126,0,0
59,LinkN6.002,LinkN6,-8.56E-17,1.83E-08,1.260900617,0,0,0,0,0,0
59,LinkN7,LinkN6,-8.56E-17,1.83E-08,1.260900617,0,0,1.397126913,0,0,0
60,LinkN0,Robot KUKA LBR Iiwa14,0,0,0,0,0,0,0,0,0
60,LinkN0-Axis,LinkN0,-3.49E-08,0,0.1575000286,0,0,0,0,0,0
60,LinkN1,LinkN0,-3.49E-08,0,0.1575000435,0,0,0,0,0,0
60,LinkN1-Axis,LinkN1,-1.55E-09,4.27E-08,0.3600671887,0,0,0,0,0,0
60,LinkN2,LinkN1,-1.55E-09,-7.72E-05,0.3600672483,0,-0.7502217889,0,0.9874205589,0,0
60,LinkN2-Axis,LinkN2,-1.55E-09,9.60E-09,0.5645002127,0,0,0,0,0,0
60,LinkN3,LinkN2,-1.55E-09,9.60E-09,0.5645001531,0,0,0,0,0,0
60,LinkN3_Axis,LinkN3,-2.22E-16,0.0005000001984,0.780092299,0,0,0,0,0,0
60,LinkN4,LinkN3,-8.56E-17,-0.0002424090198,0.7800923586,0,-0.7480560541,0,0.8630318642,0,0
60,LinkN4_Axis,LinkN4,-8.56E-17,1.83E-08,0.9975202084,0,0,0,0,0,0
60,LinkN5,LinkN4,-8.56E-17,1.83E-08,0.9975202084,0,0,0,0,0,0
60,LinkN5_Axis,LinkN5,-8.56E-17,-0.06264996529,1.17999959,0,0,0,0,0,0
60,LinkN6,LinkN5,-4.44E-17,-0.06264998019,1.180000067,0,-0.1246815473,0,0.4395414591,0,0
60,LinkN6.002,LinkN6,-8.56E-17,1.83E-08,1.260900617,0,0,0,0,0,0
60,LinkN7,LinkN6,-8.56E-17,1.83E-08,1.260900617,0,0,1.397126913,0,0,0
61,LinkN0,Robot KUKA LBR Iiwa14,0,0,0,0,0,0,0,0,0
61,LinkN0-Axis,LinkN0,-3.49E-08,0,0.1575000286,0,0,0,0,0,0
61,LinkN1,LinkN0,-3.49E-08,0,0.1575000435,0,0,0,0,0,0
61,LinkN1-Axis,LinkN1,-1.55E-09,4.27E-08,0.3600671887,0,0,0,0,0,0
61,LinkN2,LinkN1,-1.55E-09,-7.72E-05,0.3600672483,0,-0.7102575898,0,0.9591407776,0,0
61,LinkN2-Axis,LinkN2,-1.55E-09,9.60E-09,0.5645002127,0,0,0,0,0,0
61,LinkN3,LinkN2,-1.55E-09,9.60E-09,0.5645001531,0,0,0,0,0,0
61,LinkN3_Axis,LinkN3,-2.22E-16,0.0005000001984,0.780092299,0,0,0,0,0,0
61,LinkN4,LinkN3,-8.56E-17,-0.0002424090198,0.7800923586,0,-0.7149035335,0,0.7956604958,0,0
61,LinkN4_Axis,LinkN4,-8.56E-17,1.83E-08,0.9975202084,0,0,0,0,0,0
61,LinkN5,LinkN4,-8.56E-17,1.83E-08,0.9975202084,0,0,0,0,0,0
61,LinkN5_Axis,LinkN5,-8.56E-17,-0.06264996529,1.17999959,0,0,0,0,0,0
61,LinkN6,LinkN5,-4.44E-17,-0.06264998019,1.180000067,0,-0.1246815473,0,0,0,0
61,LinkN6.002,LinkN6,-8.56E-17,1.83E-08,1.260900617,0,0,0,0,0,0
61,LinkN7,LinkN6,-8.56E-17,1.83E-08,1.260900617,0,0,1.397126913,0,0,0
62,LinkN0,Robot KUKA LBR Iiwa14,0,0,0,0,0,0,0,0,0
62,LinkN0-Axis,LinkN0,-3.49E-08,0,0.1575000286,0,0,0,0,0,0
62,LinkN1,LinkN0,-3.49E-08,0,0.1575000435,0,0,0,0,0,0
62,LinkN1-Axis,LinkN1,-1.55E-09,4.27E-08,0.3600671887,0,0,0,0,0,0
62,LinkN2,LinkN1,-1.55E-09,-7.72E-05,0.3600672483,0,-0.6717118025,0,0.925098896,0,0
62,LinkN2-Axis,LinkN2,-1.55E-09,9.60E-09,0.5645002127,0,0,0,0,0,0
62,LinkN3,LinkN2,-1.55E-09,9.60E-09,0.5645001531,0,0,0,0,0,0
62,LinkN3_Axis,LinkN3,-2.22E-16,0.0005000001984,0.780092299,0,0,0,0,0,0
62,LinkN4,LinkN3,-8.56E-17,-0.0002424090198,0.7800923586,0,-0.6843516827,0,0.7332444191,0,0
62,LinkN4_Axis,LinkN4,-8.56E-17,1.83E-08,0.9975202084,0,0,0,0,0,0
62,LinkN5,LinkN4,-8.56E-17,1.83E-08,0.9975202084,0,0,0,0,0,0
62,LinkN5_Axis,LinkN5,-8.56E-17,-0.06264996529,1.17999959,0,0,0,0,0,0
62,LinkN6,LinkN5,-4.44E-17,-0.06264998019,1.180000067,0,-0.1246815473,0,0,0,0
62,LinkN6.002,LinkN6,-8.56E-17,1.83E-08,1.260900617,0,0,0,0,0,0
62,LinkN7,LinkN6,-8.56E-17,1.83E-08,1.260900617,0,0,1.397126913,0,0,0
63,LinkN0,Robot KUKA LBR Iiwa14,0,0,0,0,0,0,0,0,0
63,LinkN0-Axis,LinkN0,-3.49E-08,0,0.1575000286,0,0,0,0,0,0
63,LinkN1,LinkN0,-3.49E-08,0,0.1575000435,0,0,0,0,0,0
63,LinkN1-Axis,LinkN1,-1.55E-09,4.27E-08,0.3600671887,0,0,0,0,0,0
63,LinkN2,LinkN1,-1.55E-09,-7.72E-05,0.3600672483,0,-0.634655416,0,0.8893532753,0,0
63,LinkN2-Axis,LinkN2,-1.55E-09,9.60E-09,0.5645002127,0,0,0,0,0,0
63,LinkN3,LinkN2,-1.55E-09,9.60E-09,0.5645001531,0,0,0,0,0,0
63,LinkN3_Axis,LinkN3,-2.22E-16,0.0005000001984,0.780092299,0,0,0,0,0,0
63,LinkN4,LinkN3,-8.56E-17,-0.0002424090198,0.7800923586,0,-0.6558898091,0,0.6830849648,0,0
63,LinkN4_Axis,LinkN4,-8.56E-17,1.83E-08,0.9975202084,0,0,0,0,0,0
63,LinkN5,LinkN4,-8.56E-17,1.83E-08,0.9975202084,0,0,0,0,0,0
63,LinkN5_Axis,LinkN5,-8.56E-17,-0.06264996529,1.17999959,0,0,0,0,0,0
63,LinkN6,LinkN5,-4.44E-17,-0.06264998019,1.180000067,0,-0.1246815473,0,0,0,0
63,LinkN6.002,LinkN6,-8.56E-17,1.83E-08,1.260900617,0,0,0,0,0,0
63,LinkN7,LinkN6,-8.56E-17,1.83E-08,1.260900617,0,0,1.397126913,0,0,0
64,LinkN0,Robot KUKA LBR Iiwa14,0,0,0,0,0,0,0,0,0
64,LinkN0-Axis,LinkN0,-3.49E-08,0,0.1575000286,0,0,0,0,0,0
64,LinkN1,LinkN0,-3.49E-08,0,0.1575000435,0,0,0,0,0,0
64,LinkN1-Axis,LinkN1,-1.55E-09,4.27E-08,0.3600671887,0,0,0,0,0,0
64,LinkN2,LinkN1,-1.55E-09,-7.72E-05,0.3600672483,0,-0.5991600156,0,0.8518896103,0,0
64,LinkN2-Axis,LinkN2,-1.55E-09,9.60E-09,0.5645002127,0,0,0,0,0,0
64,LinkN3,LinkN2,-1.55E-09,9.60E-09,0.5645001531,0,0,0,0,0,0
64,LinkN3_Axis,LinkN3,-2.22E-16,0.0005000001984,0.780092299,0,0,0,0,0,0
64,LinkN4,LinkN3,-8.56E-17,-0.0002424090198,0.7800923586,0,-0.6290072203,0,0.6451821327,0,0
64,LinkN4_Axis,LinkN4,-8.56E-17,1.83E-08,0.9975202084,0,0,0,0,0,0
64,LinkN5,LinkN4,-8.56E-17,1.83E-08,0.9975202084,0,0,0,0,0,0
64,LinkN5_Axis,LinkN5,-8.56E-17,-0.06264996529,1.17999959,0,0,0,0,0,0
64,LinkN6,LinkN5,-4.44E-17,-0.06264998019,1.180000067,0,-0.1246815473,0,0,0,0
64,LinkN6.002,LinkN6,-8.56E-17,1.83E-08,1.260900617,0,0,0,0,0,0
64,LinkN7,LinkN6,-8.56E-17,1.83E-08,1.260900617,0,0,1.397126913,0,0,0
65,LinkN0,Robot KUKA LBR Iiwa14,0,0,0,0,0,0,0,0,0
65,LinkN0-Axis,LinkN0,-3.49E-08,0,0.1575000286,0,0,0,0,0,0
65,LinkN1,LinkN0,-3.49E-08,0,0.1575000435,0,0,0,0,0,0
65,LinkN1-Axis,LinkN1,-1.55E-09,4.27E-08,0.3600671887,0,0,0,0,0,0
65,LinkN2,LinkN1,-1.55E-09,-7.72E-05,0.3600672483,0,-0.5652968287,0,0.8127164841,0,0
65,LinkN2-Axis,LinkN2,-1.55E-09,9.60E-09,0.5645002127,0,0,0,0,0,0
65,LinkN3,LinkN2,-1.55E-09,9.60E-09,0.5645001531,0,0,0,0,0,0
65,LinkN3_Axis,LinkN3,-2.22E-16,0.0005000001984,0.780092299,0,0,0,0,0,0
65,LinkN4,LinkN3,-8.56E-17,-0.0002424090198,0.7800923586,0,-0.6031932235,0,0.619535923,0,0
65,LinkN4_Axis,LinkN4,-8.56E-17,1.83E-08,0.9975202084,0,0,0,0,0,0
65,LinkN5,LinkN4,-8.56E-17,1.83E-08,0.9975202084,0,0,0,0,0,0
65,LinkN5_Axis,LinkN5,-8.56E-17,-0.06264996529,1.17999959,0,0,0,0,0,0
65,LinkN6,LinkN5,-4.44E-17,-0.06264998019,1.180000067,0,-0.1246815473,0,0,0,0
65,LinkN6.002,LinkN6,-8.56E-17,1.83E-08,1.260900617,0,0,0,0,0,0
65,LinkN7,LinkN6,-8.56E-17,1.83E-08,1.260900617,0,0,1.397126913,0,0,0
66,LinkN0,Robot KUKA LBR Iiwa14,0,0,0,0,0,0,0,0,0
66,LinkN0-Axis,LinkN0,-3.49E-08,0,0.1575000286,0,0,0,0,0,0
66,LinkN1,LinkN0,-3.49E-08,0,0.1575000435,0,0,0,0,0,0
66,LinkN1-Axis,LinkN1,-1.55E-09,4.27E-08,0.3600671887,0,0,0,0,0,0
66,LinkN2,LinkN1,-1.55E-09,-7.72E-05,0.3600672483,0,-0.5331371427,0,0.7718324661,0,0
66,LinkN2-Axis,LinkN2,-1.55E-09,9.60E-09,0.5645002127,0,0,0,0,0,0
66,LinkN3,LinkN2,-1.55E-09,9.60E-09,0.5645001531,0,0,0,0,0,0
66,LinkN3_Axis,LinkN3,-2.22E-16,0.0005000001984,0.780092299,0,0,0,0,0,0
66,LinkN4,LinkN3,-8.56E-17,-0.0002424090198,0.7800923586,0,-0.5779371262,0,0.6061463356,0,0
66,LinkN4_Axis,LinkN4,-8.56E-17,1.83E-08,0.9975202084,0,0,0,0,0,0
66,LinkN5,LinkN4,-8.56E-17,1.83E-08,0.9975202084,0,0,0,0,0,0
66,LinkN5_Axis,LinkN5,-8.56E-17,-0.06264996529,1.17999959,0,0,0,0,0,0
66,LinkN6,LinkN5,-4.44E-17,-0.06264998019,1.180000067,0,-0.1246815473,0,0,0,0
66,LinkN6.002,LinkN6,-8.56E-17,1.83E-08,1.260900617,0,0,0,0,0,0
66,LinkN7,LinkN6,-8.56E-17,1.83E-08,1.260900617,0,0,1.397126913,0,0,0
67,LinkN0,Robot KUKA LBR Iiwa14,0,0,0,0,0,0,0,0,0
67,LinkN0-Axis,LinkN0,-3.49E-08,0,0.1575000286,0,0,0,0,0,0
67,LinkN1,LinkN0,-3.49E-08,0,0.1575000435,0,0,0,0,0,0
67,LinkN1-Axis,LinkN1,-1.55E-09,4.27E-08,0.3600671887,0,0,0,0,0,0
67,LinkN2,LinkN1,-1.55E-09,-7.72E-05,0.3600672483,0,-0.5027524829,0,0.7292318344,0,0
67,LinkN2-Axis,LinkN2,-1.55E-09,9.60E-09,0.5645002127,0,0,0,0,0,0
67,LinkN3,LinkN2,-1.55E-09,9.60E-09,0.5645001531,0,0,0,0,0,0
67,LinkN3_Axis,LinkN3,-2.22E-16,0.0005000001984,0.780092299,0,0,0,0,0,0
67,LinkN4,LinkN3,-8.56E-17,-0.0002424090198,0.7800923586,0,-0.5527281761,0,0.605014801,0,0
67,LinkN4_Axis,LinkN4,-8.56E-17,1.83E-08,0.9975202084,0,0,0,0,0,0
67,LinkN5,LinkN4,-8.56E-17,1.83E-08,0.9975202084,0,0,0,0,0,0
67,LinkN5_Axis,LinkN5,-8.56E-17,-0.06264996529,1.17999959,0,0,0,0,0,0
67,LinkN6,LinkN5,-4.44E-17,-0.06264998019,1.180000067,0,-0.1246815473,0,0,0,0
67,LinkN6.002,LinkN6,-8.56E-17,1.83E-08,1.260900617,0,0,0,0,0,0
67,LinkN7,LinkN6,-8.56E-17,1.83E-08,1.260900617,0,0,1.397126913,0,0,0
68,LinkN0,Robot KUKA LBR Iiwa14,0,0,0,0,0,0,0,0,0
68,LinkN0-Axis,LinkN0,-3.49E-08,0,0.1575000286,0,0,0,0,0,0
68,LinkN1,LinkN0,-3.49E-08,0,0.1575000435,0,0,0,0,0,0
68,LinkN1-Axis,LinkN1,-1.55E-09,4.27E-08,0.3600671887,0,0,0,0,0,0
68,LinkN2,LinkN1,-1.55E-09,-7.72E-05,0.3600672483,0,-0.4742140472,0,0.6849224567,0,0
68,LinkN2-Axis,LinkN2,-1.55E-09,9.60E-09,0.5645002127,0,0,0,0,0,0
68,LinkN3,LinkN2,-1.55E-09,9.60E-09,0.5645001531,0,0,0,0,0,0
68,LinkN3_Axis,LinkN3,-2.22E-16,0.0005000001984,0.780092299,0,0,0,0,0,0
68,LinkN4,LinkN3,-8.56E-17,-0.0002424090198,0.7800923586,0,-0.5270557404,0,0.6161384583,0,0
68,LinkN4_Axis,LinkN4,-8.56E-17,1.83E-08,0.9975202084,0,0,0,0,0,0
68,LinkN5,LinkN4,-8.56E-17,1.83E-08,0.9975202084,0,0,0,0,0,0
68,LinkN5_Axis,LinkN5,-8.56E-17,-0.06264996529,1.17999959,0,0,0,0,0,0
68,LinkN6,LinkN5,-4.44E-17,-0.06264998019,1.180000067,0,-0.1246815473,0,0,0,0
68,LinkN6.002,LinkN6,-8.56E-17,1.83E-08,1.260900617,0,0,0,0,0,0
68,LinkN7,LinkN6,-8.56E-17,1.83E-08,1.260900617,0,0,1.397126913,0,0,0
69,LinkN0,Robot KUKA LBR Iiwa14,0,0,0,0,0,0,0,0,0
69,LinkN0-Axis,LinkN0,-3.49E-08,0,0.1575000286,0,0,0,0,0,0
69,LinkN1,LinkN0,-3.49E-08,0,0.1575000435,0,0,0,0,0,0
69,LinkN1-Axis,LinkN1,-1.55E-09,4.27E-08,0.3600671887,0,0,0,0,0,0
69,LinkN2,LinkN1,-1.55E-09,-7.72E-05,0.3600672483,0,-0.4475932121,0,0.6389000416,0,0
69,LinkN2-Axis,LinkN2,-1.55E-09,9.60E-09,0.5645002127,0,0,0,0,0,0
69,LinkN3,LinkN2,-1.55E-09,9.60E-09,0.5645001531,0,0,0,0,0,0
69,LinkN3_Axis,LinkN3,-2.22E-16,0.0005000001984,0.780092299,0,0,0,0,0,0
69,LinkN4,LinkN3,-8.56E-17,-0.0002424090198,0.7800923586,0,-0.5004089475,0,0.6395230293,0,0
69,LinkN4_Axis,LinkN4,-8.56E-17,1.83E-08,0.9975202084,0,0,0,0,0,0
69,LinkN5,LinkN4,-8.56E-17,1.83E-08,0.9975202084,0,0,0,0,0,0
69,LinkN5_Axis,LinkN5,-8.56E-17,-0.06264996529,1.17999959,0,0,0,0,0,0
69,LinkN6,LinkN5,-4.44E-17,-0.06264998019,1.180000067,0,-0.1246815473,0,0,0,0
69,LinkN6.002,LinkN6,-8.56E-17,1.83E-08,1.260900617,0,0,0,0,0,0
69,LinkN7,LinkN6,-8.56E-17,1.83E-08,1.260900617,0,0,1.397126913,0,0,0
70,LinkN0,Robot KUKA LBR Iiwa14,0,0,0,0,0,0,0,0,0
70,LinkN0-Axis,LinkN0,-3.49E-08,0,0.1575000286,0,0,0,0,0,0
70,LinkN1,LinkN0,-3.49E-08,0,0.1575000435,0,0,0,0,0,0
70,LinkN1-Axis,LinkN1,-1.55E-09,4.27E-08,0.3600671887,0,0,0,0,0,0
70,LinkN2,LinkN1,-1.55E-09,-7.72E-05,0.3600672483,0,-0.4229612947,0,0.5911660194,0,0
70,LinkN2-Axis,LinkN2,-1.55E-09,9.60E-09,0.5645002127,0,0,0,0,0,0
70,LinkN3,LinkN2,-1.55E-09,9.60E-09,0.5645001531,0,0,0,0,0,0
70,LinkN3_Axis,LinkN3,-2.22E-16,0.0005000001984,0.780092299,0,0,0,0,0,0
70,LinkN4,LinkN3,-8.56E-17,-0.0002424090198,0.7800923586,0,-0.4722773433,0,0.6751585007,0,0
70,LinkN4_Axis,LinkN4,-8.56E-17,1.83E-08,0.9975202084,0,0,0,0,0,0
70,LinkN5,LinkN4,-8.56E-17,1.83E-08,0.9975202084,0,0,0,0,0,0
70,LinkN5_Axis,LinkN5,-8.56E-17,-0.06264996529,1.17999959,0,0,0,0,0,0
70,LinkN6,LinkN5,-4.44E-17,-0.06264998019,1.180000067,0,-0.1246815473,0,0,0,0
70,LinkN6.002,LinkN6,-8.56E-17,1.83E-08,1.260900617,0,0,0,0,0,0
70,LinkN7,LinkN6,-8.56E-17,1.83E-08,1.260900617,0,0,1.397126913,0,0,0
71,LinkN0,Robot KUKA LBR Iiwa14,0,0,0,0,0,0,0,0,0
71,LinkN0-Axis,LinkN0,-3.49E-08,0,0.1575000286,0,0,0,0,0,0
71,LinkN1,LinkN0,-3.49E-08,0,0.1575000435,0,0,0,0,0,0
71,LinkN1-Axis,LinkN1,-1.55E-09,4.27E-08,0.3600671887,0,0,0,0,0,0
71,LinkN2,LinkN1,-1.55E-09,-7.72E-05,0.3600672483,0,-0.4003093541,0,0.543646574,0,0
71,LinkN2-Axis,LinkN2,-1.55E-09,9.60E-09,0.5645002127,0,0,0,0,0,0
71,LinkN3,LinkN2,-1.55E-09,9.60E-09,0.5645001531,0,0,0,0,0,0
71,LinkN3_Axis,LinkN3,-2.22E-16,0.0005000001984,0.780092299,0,0,0,0,0,0
71,LinkN4,LinkN3,-8.56E-17,-0.0002424090198,0.7800923586,0,-0.442307502,0,0.7192761898,0,0
71,LinkN4_Axis,LinkN4,-8.56E-17,1.83E-08,0.9975202084,0,0,0,0,0,0
71,LinkN5,LinkN4,-8.56E-17,1.83E-08,0.9975202084,0,0,0,0,0,0
71,LinkN5_Axis,LinkN5,-8.56E-17,-0.06264996529,1.17999959,0,0,0,0,0,0
71,LinkN6,LinkN5,-4.44E-17,-0.06264998019,1.180000067,0,-0.1246815473,0,0,0,0
71,LinkN6.002,LinkN6,-8.56E-17,1.83E-08,1.260900617,0,0,0,0,0,0
71,LinkN7,LinkN6,-8.56E-17,1.83E-08,1.260900617,0,0,1.397126913,0,0,0
72,LinkN0,Robot KUKA LBR Iiwa14,0,0,0,0,0,0,0,0,0
72,LinkN0-Axis,LinkN0,-3.49E-08,0,0.1575000286,0,0,0,0,0,0
72,LinkN1,LinkN0,-3.49E-08,0,0.1575000435,0,0,0,0,0,0
72,LinkN1-Axis,LinkN1,-1.55E-09,4.27E-08,0.3600671887,0,0,0,0,0,0
72,LinkN2,LinkN1,-1.55E-09,-7.72E-05,0.3600672483,0,-0.3793075681,0,0.5040428638,0,0
72,LinkN2-Axis,LinkN2,-1.55E-09,9.60E-09,0.5645002127,0,0,0,0,0,0
72,LinkN3,LinkN2,-1.55E-09,9.60E-09,0.5645001531,0,0,0,0,0,0
72,LinkN3_Axis,LinkN3,-2.22E-16,0.0005000001984,0.780092299,0,0,0,0,0,0
72,LinkN4,LinkN3,-8.56E-17,-0.0002424090198,0.7800923586,0,-0.4107758403,0,0.756759882,0,0
72,LinkN4_Axis,LinkN4,-8.56E-17,1.83E-08,0.9975202084,0,0,0,0,0,0
72,LinkN5,LinkN4,-8.56E-17,1.83E-08,0.9975202084,0,0,0,0,0,0
72,LinkN5_Axis,LinkN5,-8.56E-17,-0.06264996529,1.17999959,0,0,0,0,0,0
72,LinkN6,LinkN5,-4.44E-17,-0.06264998019,1.180000067,0,-0.1246815473,0,0,0,0
72,LinkN6.002,LinkN6,-8.56E-17,1.83E-08,1.260900617,0,0,0,0,0,0
72,LinkN7,LinkN6,-8.56E-17,1.83E-08,1.260900617,0,0,1.397126913,0,0,0
73,LinkN0,Robot KUKA LBR Iiwa14,0,0,0,0,0,0,0,0,0
73,LinkN0-Axis,LinkN0,-3.49E-08,0,0.1575000286,0,0,0,0,0,0
73,LinkN1,LinkN0,-3.49E-08,0,0.1575000435,0,0,0,0,0,0
73,LinkN1-Axis,LinkN1,-1.55E-09,4.27E-08,0.3600671887,0,0,0,0,0,0
73,LinkN2,LinkN1,-1.55E-09,-7.72E-05,0.3600672483,0,-0.3595457077,0,0.4742846489,0,0
73,LinkN2-Axis,LinkN2,-1.55E-09,9.60E-09,0.5645002127,0,0,0,0,0,0
73,LinkN3,LinkN2,-1.55E-09,9.60E-09,0.5645001531,0,0,0,0,0,0
73,LinkN3_Axis,LinkN3,-2.22E-16,0.0005000001984,0.780092299,0,0,0,0,0,0
73,LinkN4,LinkN3,-8.56E-17,-0.0002424090198,0.7800923586,0,-0.3781164289,0,0.7838258743,0,0
73,LinkN4_Axis,LinkN4,-8.56E-17,1.83E-08,0.9975202084,0,0,0,0,0,0
73,LinkN5,LinkN4,-8.56E-17,1.83E-08,0.9975202084,0,0,0,0,0,0
73,LinkN5_Axis,LinkN5,-8.56E-17,-0.06264996529,1.17999959,0,0,0,0,0,0
73,LinkN6,LinkN5,-4.44E-17,-0.06264998019,1.180000067,0,-0.1246815473,0,0,0,0
73,LinkN6.002,LinkN6,-8.56E-17,1.83E-08,1.260900617,0,0,0,0,0,0
73,LinkN7,LinkN6,-8.56E-17,1.83E-08,1.260900617,0,0,1.397126913,0,0,0
74,LinkN0,Robot KUKA LBR Iiwa14,0,0,0,0,0,0,0,0,0
74,LinkN0-Axis,LinkN0,-3.49E-08,0,0.1575000286,0,0,0,0,0,0
74,LinkN1,LinkN0,-3.49E-08,0,0.1575000435,0,0,0,0,0,0
74,LinkN1-Axis,LinkN1,-1.55E-09,4.27E-08,0.3600671887,0,0,0,0,0,0
74,LinkN2,LinkN1,-1.55E-09,-7.72E-05,0.3600672483,0,-0.3406135738,0,0.4543712139,0,0
74,LinkN2-Axis,LinkN2,-1.55E-09,9.60E-09,0.5645002127,0,0,0,0,0,0
74,LinkN3,LinkN2,-1.55E-09,9.60E-09,0.5645001531,0,0,0,0,0,0
74,LinkN3_Axis,LinkN3,-2.22E-16,0.0005000001984,0.780092299,0,0,0,0,0,0
74,LinkN4,LinkN3,-8.56E-17,-0.0002424090198,0.7800923586,0,-0.3447631001,0,0.8004798889,0,0
74,LinkN4_Axis,LinkN4,-8.56E-17,1.83E-08,0.9975202084,0,0,0,0,0,0
74,LinkN5,LinkN4,-8.56E-17,1.83E-08,0.9975202084,0,0,0,0,0,0
74,LinkN5_Axis,LinkN5,-8.56E-17,-0.06264996529,1.17999959,0,0,0,0,0,0
74,LinkN6,LinkN5,-4.44E-17,-0.06264998019,1.180000067,0,-0.1246815473,0,0,0,0
74,LinkN6.002,LinkN6,-8.56E-17,1.83E-08,1.260900617,0,0,0,0,0,0
74,LinkN7,LinkN6,-8.56E-17,1.83E-08,1.260900617,0,0,1.397126913,0,0,0
75,LinkN0,Robot KUKA LBR Iiwa14,0,0,0,0,0,0,0,0,0
75,LinkN0-Axis,LinkN0,-3.49E-08,0,0.1575000286,0,0,0,0,0,0
75,LinkN1,LinkN0,-3.49E-08,0,0.1575000435,0,0,0,0,0,0
75,LinkN1-Axis,LinkN1,-1.55E-09,4.27E-08,0.3600671887,0,0,0,0,0,0
75,LinkN2,LinkN1,-1.55E-09,-7.72E-05,0.3600672483,0,-0.3221010864,0,0.4442996979,0,0
75,LinkN2-Axis,LinkN2,-1.55E-09,9.60E-09,0.5645002127,0,0,0,0,0,0
75,LinkN3,LinkN2,-1.55E-09,9.60E-09,0.5645001531,0,0,0,0,0,0
75,LinkN3_Axis,LinkN3,-2.22E-16,0.0005000001984,0.780092299,0,0,0,0,0,0
75,LinkN4,LinkN3,-8.56E-17,-0.0002424090198,0.7800923586,0,-0.311149776,0,0.80671978,0,0
75,LinkN4_Axis,LinkN4,-8.56E-17,1.83E-08,0.9975202084,0,0,0,0,0,0
75,LinkN5,LinkN4,-8.56E-17,1.83E-08,0.9975202084,0,0,0,0,0,0
75,LinkN5_Axis,LinkN5,-8.56E-17,-0.06264996529,1.17999959,0,0,0,0,0,0
75,LinkN6,LinkN5,-4.44E-17,-0.06264998019,1.180000067,0,-0.1246815473,0,0,0,0
75,LinkN6.002,LinkN6,-8.56E-17,1.83E-08,1.260900617,0,0,0,0,0,0
75,LinkN7,LinkN6,-8.56E-17,1.83E-08,1.260900617,0,0,1.397126913,0,0,0
76,LinkN0,Robot KUKA LBR Iiwa14,0,0,0,0,0,0,0,0,0
76,LinkN0-Axis,LinkN0,-3.49E-08,0,0.1575000286,0,0,0,0,0,0
76,LinkN1,LinkN0,-3.49E-08,0,0.1575000435,0,0,0,0,0,0
76,LinkN1-Axis,LinkN1,-1.55E-09,4.27E-08,0.3600671887,0,0,0,0,0,0
76,LinkN2,LinkN1,-1.55E-09,-7.72E-05,0.3600672483,0,-0.3035980463,0,0.4440729618,0,0
76,LinkN2-Axis,LinkN2,-1.55E-09,9.60E-09,0.5645002127,0,0,0,0,0,0
76,LinkN3,LinkN2,-1.55E-09,9.60E-09,0.5645001531,0,0,0,0,0,0
76,LinkN3_Axis,LinkN3,-2.22E-16,0.0005000001984,0.780092299,0,0,0,0,0,0
76,LinkN4,LinkN3,-8.56E-17,-0.0002424090198,0.7800923586,0,-0.277710408,0,0.8025448322,0,0
76,LinkN4_Axis,LinkN4,-8.56E-17,1.83E-08,0.9975202084,0,0,0,0,0,0
76,LinkN5,LinkN4,-8.56E-17,1.83E-08,0.9975202084,0,0,0,0,0,0
76,LinkN5_Axis,LinkN5,-8.56E-17,-0.06264996529,1.17999959,0,0,0,0,0,0
76,LinkN6,LinkN5,-4.44E-17,-0.06264998019,1.180000067,0,-0.1246815473,0,0,0,0
76,LinkN6.002,LinkN6,-8.56E-17,1.83E-08,1.260900617,0,0,0,0,0,0
76,LinkN7,LinkN6,-8.56E-17,1.83E-08,1.260900617,0,0,1.397126913,0,0,0
77,LinkN0,Robot KUKA LBR Iiwa14,0,0,0,0,0,0,0,0,0
77,LinkN0-Axis,LinkN0,-3.49E-08,0,0.1575000286,0,0,0,0,0,0
77,LinkN1,LinkN0,-3.49E-08,0,0.1575000435,0,0,0,0,0,0
77,LinkN1-Axis,LinkN1,-1.55E-09,4.27E-08,0.3600671887,0,0,0,0,0,0
77,LinkN2,LinkN1,-1.55E-09,-7.72E-05,0.3600672483,0,-0.2846942842,0,0.4536902905,0,0
77,LinkN2-Axis,LinkN2,-1.55E-09,9.60E-09,0.5645002127,0,0,0,0,0,0
77,LinkN3,LinkN2,-1.55E-09,9.60E-09,0.5645001531,0,0,0,0,0,0
77,LinkN3_Axis,LinkN3,-2.22E-16,0.0005000001984,0.780092299,0,0,0,0,0,0
77,LinkN4,LinkN3,-8.56E-17,-0.0002424090198,0.7800923586,0,-0.2448788881,0,0.7879564762,0,0
77,LinkN4_Axis,LinkN4,-8.56E-17,1.83E-08,0.9975202084,0,0,0,0,0,0
77,LinkN5,LinkN4,-8.56E-17,1.83E-08,0.9975202084,0,0,0,0,0,0
77,LinkN5_Axis,LinkN5,-8.56E-17,-0.06264996529,1.17999959,0,0,0,0,0,0
77,LinkN6,LinkN5,-4.44E-17,-0.06264998019,1.180000067,0,-0.1246815473,0,0,0,0
77,LinkN6.002,LinkN6,-8.56E-17,1.83E-08,1.260900617,0,0,0,0,0,0
77,LinkN7,LinkN6,-8.56E-17,1.83E-08,1.260900617,0,0,1.397126913,0,0,0
78,LinkN0,Robot KUKA LBR Iiwa14,0,0,0,0,0,0,0,0,0
78,LinkN0-Axis,LinkN0,-3.49E-08,0,0.1575000286,0,0,0,0,0,0
78,LinkN1,LinkN0,-3.49E-08,0,0.1575000435,0,0,0,0,0,0
78,LinkN1-Axis,LinkN1,-1.55E-09,4.27E-08,0.3600671887,0,0,0,0,0,0
78,LinkN2,LinkN1,-1.55E-09,-7.72E-05,0.3600672483,0,-0.2649796307,0,0.4731516838,0,0
78,LinkN2-Axis,LinkN2,-1.55E-09,9.60E-09,0.5645002127,0,0,0,0,0,0
78,LinkN3,LinkN2,-1.55E-09,9.60E-09,0.5645001531,0,0,0,0,0,0
78,LinkN3_Axis,LinkN3,-2.22E-16,0.0005000001984,0.780092299,0,0,0,0,0,0
78,LinkN4,LinkN3,-8.56E-17,-0.0002424090198,0.7800923586,0,-0.2130891234,0,0.7629543543,0,0
78,LinkN4_Axis,LinkN4,-8.56E-17,1.83E-08,0.9975202084,0,0,0,0,0,0
78,LinkN5,LinkN4,-8.56E-17,1.83E-08,0.9975202084,0,0,0,0,0,0
78,LinkN5_Axis,LinkN5,-8.56E-17,-0.06264996529,1.17999959,0,0,0,0,0,0
78,LinkN6,LinkN5,-4.44E-17,-0.06264998019,1.180000067,0,-0.1246815473,0,0,0,0
78,LinkN6.002,LinkN6,-8.56E-17,1.83E-08,1.260900617,0,0,0,0,0,0
78,LinkN7,LinkN6,-8.56E-17,1.83E-08,1.260900617,0,0,1.397126913,0,0,0
79,LinkN0,Robot KUKA LBR Iiwa14,0,0,0,0,0,0,0,0,0
79,LinkN0-Axis,LinkN0,-3.49E-08,0,0.1575000286,0,0,0,0,0,0
79,LinkN1,LinkN0,-3.49E-08,0,0.1575000435,0,0,0,0,0,0
79,LinkN1-Axis,LinkN1,-1.55E-09,4.27E-08,0.3600671887,0,0,0,0,0,0
79,LinkN2,LinkN1,-1.55E-09,-7.72E-05,0.3600672483,0,-0.2440439761,0,0.5024557114,0,0
79,LinkN2-Axis,LinkN2,-1.55E-09,9.60E-09,0.5645002127,0,0,0,0,0,0
79,LinkN3,LinkN2,-1.55E-09,9.60E-09,0.5645001531,0,0,0,0,0,0
79,LinkN3_Axis,LinkN3,-2.22E-16,0.0005000001984,0.780092299,0,0,0,0,0,0
79,LinkN4,LinkN3,-8.56E-17,-0.0002424090198,0.7800923586,0,-0.1827750802,0,0.7275370359,0,0
79,LinkN4_Axis,LinkN4,-8.56E-17,1.83E-08,0.9975202084,0,0,0,0,0,0
79,LinkN5,LinkN4,-8.56E-17,1.83E-08,0.9975202084,0,0,0,0,0,0
79,LinkN5_Axis,LinkN5,-8.56E-17,-0.06264996529,1.17999959,0,0,0,0,0,0
79,LinkN6,LinkN5,-4.44E-17,-0.06264998019,1.180000067,0,-0.1246815473,0,0,0,0
79,LinkN6.002,LinkN6,-8.56E-17,1.83E-08,1.260900617,0,0,0,0,0,0
79,LinkN7,LinkN6,-8.56E-17,1.83E-08,1.260900617,0,0,1.397126913,0,0,0
80,LinkN0,Robot KUKA LBR Iiwa14,0,0,0,0,0,0,0,0,0
80,LinkN0-Axis,LinkN0,-3.49E-08,0,0.1575000286,0,0,0,0,0,0
80,LinkN1,LinkN0,-3.49E-08,0,0.1575000435,0,0,0,0,0,0
80,LinkN1-Axis,LinkN1,-1.55E-09,4.27E-08,0.3600671887,0,0,0,0,0,0
80,LinkN2,LinkN1,-1.55E-09,-7.72E-05,0.3600672483,0,-0.2214771211,0,0.5416045189,0,0
80,LinkN2-Axis,LinkN2,-1.55E-09,9.60E-09,0.5645002127,0,0,0,0,0,0
80,LinkN3,LinkN2,-1.55E-09,9.60E-09,0.5645001531,0,0,0,0,0,0
80,LinkN3_Axis,LinkN3,-2.22E-16,0.0005000001984,0.780092299,0,0,0,0,0,0
80,LinkN4,LinkN3,-8.56E-17,-0.0002424090198,0.7800923586,0,-0.1543706506,0,0.6817063093,0,0
80,LinkN4_Axis,LinkN4,-8.56E-17,1.83E-08,0.9975202084,0,0,0,0,0,0
80,LinkN5,LinkN4,-8.56E-17,1.83E-08,0.9975202084,0,0,0,0,0,0
80,LinkN5_Axis,LinkN5,-8.56E-17,-0.06264996529,1.17999959,0,0,0,0,0,0
80,LinkN6,LinkN5,-4.44E-17,-0.06264998019,1.180000067,0,-0.1246815473,0,0,0,0
80,LinkN6.002,LinkN6,-8.56E-17,1.83E-08,1.260900617,0,0,0,0,0,0
80,LinkN7,LinkN6,-8.56E-17,1.83E-08,1.260900617,0,0,1.397126913,0,0,0
81,LinkN0,Robot KUKA LBR Iiwa14,0,0,0,0,0,0,0,0,0
81,LinkN0-Axis,LinkN0,-3.49E-08,0,0.1575000286,0,0,0,0,0,0
81,LinkN1,LinkN0,-3.49E-08,0,0.1575000435,0,0,0,0,0,0
81,LinkN1-Axis,LinkN1,-1.55E-09,4.27E-08,0.3600671887,0,0,0,0,0,0
81,LinkN2,LinkN1,-1.55E-09,-7.72E-05,0.3600672483,0,-0.1970837116,0,0.5854418278,0,0
81,LinkN2-Axis,LinkN2,-1.55E-09,9.60E-09,0.5645002127,0,0,0,0,0,0
81,LinkN3,LinkN2,-1.55E-09,9.60E-09,0.5645001531,0,0,0,0,0,0
81,LinkN3_Axis,LinkN3,-2.22E-16,0.0005000001984,0.780092299,0,0,0,0,0,0
81,LinkN4,LinkN3,-8.56E-17,-0.0002424090198,0.7800923586,0,-0.1282503307,0,0.6268876791,0,0
81,LinkN4_Axis,LinkN4,-8.56E-17,1.83E-08,0.9975202084,0,0,0,0,0,0
81,LinkN5,LinkN4,-8.56E-17,1.83E-08,0.9975202084,0,0,0,0,0,0
81,LinkN5_Axis,LinkN5,-8.56E-17,-0.06264996529,1.17999959,0,0,0,0,0,0
81,LinkN6,LinkN5,-4.44E-17,-0.06264998019,1.180000067,0,-0.1193934307,0,0.1269147992,0,0
81,LinkN6.002,LinkN6,-8.56E-17,1.83E-08,1.260900617,0,0,0,0,0,0
81,LinkN7,LinkN6,-8.56E-17,1.83E-08,1.260900617,0,0,1.397126913,0,0,0
82,LinkN0,Robot KUKA LBR Iiwa14,0,0,0,0,0,0,0,0,0
82,LinkN0-Axis,LinkN0,-3.49E-08,0,0.1575000286,0,0,0,0,0,0
82,LinkN1,LinkN0,-3.49E-08,0,0.1575000435,0,0,0,0,0,0
82,LinkN1-Axis,LinkN1,-1.55E-09,4.27E-08,0.3600671887,0,0,0,0,0,0
82,LinkN2,LinkN1,-1.55E-09,-7.72E-05,0.3600672483,0,-0.1715275943,0,0.6133468151,0,0
82,LinkN2-Axis,LinkN2,-1.55E-09,9.60E-09,0.5645002127,0,0,0,0,0,0
82,LinkN3,LinkN2,-1.55E-09,9.60E-09,0.5645001531,0,0,0,0,0,0
82,LinkN3_Axis,LinkN3,-2.22E-16,0.0005000001984,0.780092299,0,0,0,0,0,0
82,LinkN4,LinkN3,-8.56E-17,-0.0002424090198,0.7800923586,0,-0.1045509055,0,0.5687862039,0,0
82,LinkN4_Axis,LinkN4,-8.56E-17,1.83E-08,0.9975202084,0,0,0,0,0,0
82,LinkN5,LinkN4,-8.56E-17,1.83E-08,0.9975202084,0,0,0,0,0,0
82,LinkN5_Axis,LinkN5,-8.56E-17,-0.06264996529,1.17999959,0,0,0,0,0,0
82,LinkN6,LinkN5,-4.44E-17,-0.06264998019,1.180000067,0,-0.1050399616,0,0.3444832563,0,0
82,LinkN6.002,LinkN6,-8.56E-17,1.83E-08,1.260900617,0,0,0,0,0,0
82,LinkN7,LinkN6,-8.56E-17,1.83E-08,1.260900617,0,0,1.397126913,0,0,0
83,LinkN0,Robot KUKA LBR Iiwa14,0,0,0,0,0,0,0,0,0
83,LinkN0-Axis,LinkN0,-3.49E-08,0,0.1575000286,0,0,0,0,0,0
83,LinkN1,LinkN0,-3.49E-08,0,0.1575000435,0,0,0,0,0,0
83,LinkN1-Axis,LinkN1,-1.55E-09,4.27E-08,0.3600671887,0,0,0,0,0,0
83,LinkN2,LinkN1,-1.55E-09,-7.72E-05,0.3600672483,0,-0.1456873864,0,0.6201649904,0,0
83,LinkN2-Axis,LinkN2,-1.55E-09,9.60E-09,0.5645002127,0,0,0,0,0,0
83,LinkN3,LinkN2,-1.55E-09,9.60E-09,0.5645001531,0,0,0,0,0,0
83,LinkN3_Axis,LinkN3,-2.22E-16,0.0005000001984,0.780092299,0,0,0,0,0,0
83,LinkN4,LinkN3,-8.56E-17,-0.0002424090198,0.7800923586,0,-0.08334980905,0,0.5088263154,0,0
83,LinkN4_Axis,LinkN4,-8.56E-17,1.83E-08,0.9975202084,0,0,0,0,0,0
83,LinkN5,LinkN4,-8.56E-17,1.83E-08,0.9975202084,0,0,0,0,0,0
83,LinkN5_Axis,LinkN5,-8.56E-17,-0.06264996529,1.17999959,0,0,0,0,0,0
83,LinkN6,LinkN5,-4.44E-17,-0.06264998019,1.180000067,0,-0.08388747275,0,0.5076597333,0,0
83,LinkN6.002,LinkN6,-8.56E-17,1.83E-08,1.260900617,0,0,0,0,0,0
83,LinkN7,LinkN6,-8.56E-17,1.83E-08,1.260900617,0,0,1.397126913,0,0,0
84,LinkN0,Robot KUKA LBR Iiwa14,0,0,0,0,0,0,0,0,0
84,LinkN0-Axis,LinkN0,-3.49E-08,0,0.1575000286,0,0,0,0,0,0
84,LinkN1,LinkN0,-3.49E-08,0,0.1575000435,0,0,0,0,0,0
84,LinkN1-Axis,LinkN1,-1.55E-09,4.27E-08,0.3600671887,0,0,0,0,0,0
84,LinkN2,LinkN1,-1.55E-09,-7.72E-05,0.3600672483,0,-0.1204418242,0,0.6058934927,0,0
84,LinkN2-Axis,LinkN2,-1.55E-09,9.60E-09,0.5645002127,0,0,0,0,0,0
84,LinkN3,LinkN2,-1.55E-09,9.60E-09,0.5645001531,0,0,0,0,0,0
84,LinkN3_Axis,LinkN3,-2.22E-16,0.0005000001984,0.780092299,0,0,0,0,0,0
84,LinkN4,LinkN3,-8.56E-17,-0.0002424090198,0.7800923586,0,-0.06472440809,0,0.4470096231,0,0
84,LinkN4_Axis,LinkN4,-8.56E-17,1.83E-08,0.9975202084,0,0,0,0,0,0
84,LinkN5,LinkN4,-8.56E-17,1.83E-08,0.9975202084,0,0,0,0,0,0
84,LinkN5_Axis,LinkN5,-8.56E-17,-0.06264996529,1.17999959,0,0,0,0,0,0
84,LinkN6,LinkN5,-4.44E-17,-0.06264998019,1.180000067,0,-0.05820228904,0,0.6164444089,0,0
84,LinkN6.002,LinkN6,-8.56E-17,1.83E-08,1.260900617,0,0,0,0,0,0
84,LinkN7,LinkN6,-8.56E-17,1.83E-08,1.260900617,0,0,1.397126913,0,0,0
85,LinkN0,Robot KUKA LBR Iiwa14,0,0,0,0,0,0,0,0,0
85,LinkN0-Axis,LinkN0,-3.49E-08,0,0.1575000286,0,0,0,0,0,0
85,LinkN1,LinkN0,-3.49E-08,0,0.1575000435,0,0,0,0,0,0
85,LinkN1-Axis,LinkN1,-1.55E-09,4.27E-08,0.3600671887,0,0,0,0,0,0
85,LinkN2,LinkN1,-1.55E-09,-7.72E-05,0.3600672483,0,-0.09666950256,0,0.5705357194,0,0
85,LinkN2-Axis,LinkN2,-1.55E-09,9.60E-09,0.5645002127,0,0,0,0,0,0
85,LinkN3,LinkN2,-1.55E-09,9.60E-09,0.5645001531,0,0,0,0,0,0
85,LinkN3_Axis,LinkN3,-2.22E-16,0.0005000001984,0.780092299,0,0,0,0,0,0
85,LinkN4,LinkN3,-8.56E-17,-0.0002424090198,0.7800923586,0,-0.04875212163,0,0.3833348751,0,0
85,LinkN4_Axis,LinkN4,-8.56E-17,1.83E-08,0.9975202084,0,0,0,0,0,0
85,LinkN5,LinkN4,-8.56E-17,1.83E-08,0.9975202084,0,0,0,0,0,0
85,LinkN5_Axis,LinkN5,-8.56E-17,-0.06264996529,1.17999959,0,0,0,0,0,0
85,LinkN6,LinkN5,-4.44E-17,-0.06264998019,1.180000067,0,-0.03025077283,0,0.6708363891,0,0
85,LinkN6.002,LinkN6,-8.56E-17,1.83E-08,1.260900617,0,0,0,0,0,0
85,LinkN7,LinkN6,-8.56E-17,1.83E-08,1.260900617,0,0,1.397126913,0,0,0
86,LinkN0,Robot KUKA LBR Iiwa14,0,0,0,0,0,0,0,0,0
86,LinkN0-Axis,LinkN0,-3.49E-08,0,0.1575000286,0,0,0,0,0,0
86,LinkN1,LinkN0,-3.49E-08,0,0.1575000435,0,0,0,0,0,0
86,LinkN1-Axis,LinkN1,-1.55E-09,4.27E-08,0.3600671887,0,0,0,0,0,0
86,LinkN2,LinkN1,-1.55E-09,-7.72E-05,0.3600672483,0,-0.07524910569,0,0.5140895247,0,0
86,LinkN2-Axis,LinkN2,-1.55E-09,9.60E-09,0.5645002127,0,0,0,0,0,0
86,LinkN3,LinkN2,-1.55E-09,9.60E-09,0.5645001531,0,0,0,0,0,0
86,LinkN3_Axis,LinkN3,-2.22E-16,0.0005000001984,0.780092299,0,0,0,0,0,0
86,LinkN4,LinkN3,-8.56E-17,-0.0002424090198,0.7800923586,0,-0.03551033139,0,0.3178029656,0,0
86,LinkN4_Axis,LinkN4,-8.56E-17,1.83E-08,0.9975202084,0,0,0,0,0,0
86,LinkN5,LinkN4,-8.56E-17,1.83E-08,0.9975202084,0,0,0,0,0,0
86,LinkN5_Axis,LinkN5,-8.56E-17,-0.06264996529,1.17999959,0,0,0,0,0,0
86,LinkN6,LinkN5,-4.44E-17,-0.06264998019,1.180000067,0,-0.002299264073,0,0.6708362103,0,0
86,LinkN6.002,LinkN6,-8.56E-17,1.83E-08,1.260900617,0,0,0,0,0,0
86,LinkN7,LinkN6,-8.56E-17,1.83E-08,1.260900617,0,0,1.397126913,0,0,0
87,LinkN0,Robot KUKA LBR Iiwa14,0,0,0,0,0,0,0,0,0
87,LinkN0-Axis,LinkN0,-3.49E-08,0,0.1575000286,0,0,0,0,0,0
87,LinkN1,LinkN0,-3.49E-08,0,0.1575000435,0,0,0,0,0,0
87,LinkN1-Axis,LinkN1,-1.55E-09,4.27E-08,0.3600671887,0,0,0,0,0,0
87,LinkN2,LinkN1,-1.55E-09,-7.72E-05,0.3600672483,0,-0.05705929175,0,0.4365555346,0,0
87,LinkN2-Axis,LinkN2,-1.55E-09,9.60E-09,0.5645002127,0,0,0,0,0,0
87,LinkN3,LinkN2,-1.55E-09,9.60E-09,0.5645001531,0,0,0,0,0,0
87,LinkN3_Axis,LinkN3,-2.22E-16,0.0005000001984,0.780092299,0,0,0,0,0,0
87,LinkN4,LinkN3,-8.56E-17,-0.0002424090198,0.7800923586,0,-0.02507644519,0,0.2504132688,0,0
87,LinkN4_Axis,LinkN4,-8.56E-17,1.83E-08,0.9975202084,0,0,0,0,0,0
87,LinkN5,LinkN4,-8.56E-17,1.83E-08,0.9975202084,0,0,0,0,0,0
87,LinkN5_Axis,LinkN5,-8.56E-17,-0.06264996529,1.17999959,0,0,0,0,0,0
87,LinkN6,LinkN5,-4.44E-17,-0.06264998019,1.180000067,0,0.02338591218,0,0.6164442301,0,0
87,LinkN6.002,LinkN6,-8.56E-17,1.83E-08,1.260900617,0,0,0,0,0,0
87,LinkN7,LinkN6,-8.56E-17,1.83E-08,1.260900617,0,0,1.397126913,0,0,0
88,LinkN0,Robot KUKA LBR Iiwa14,0,0,0,0,0,0,0,0,0
88,LinkN0-Axis,LinkN0,-3.49E-08,0,0.1575000286,0,0,0,0,0,0
88,LinkN1,LinkN0,-3.49E-08,0,0.1575000435,0,0,0,0,0,0
88,LinkN1-Axis,LinkN1,-1.55E-09,4.27E-08,0.3600671887,0,0,0,0,0,0
88,LinkN2,LinkN1,-1.55E-09,-7.72E-05,0.3600672483,0,-0.04297869653,0,0.3379342854,0,0
88,LinkN2-Axis,LinkN2,-1.55E-09,9.60E-09,0.5645002127,0,0,0,0,0,0
88,LinkN3,LinkN2,-1.55E-09,9.60E-09,0.5645001531,0,0,0,0,0,0
88,LinkN3_Axis,LinkN3,-2.22E-16,0.0005000001984,0.780092299,0,0,0,0,0,0
88,LinkN4,LinkN3,-8.56E-17,-0.0002424090198,0.7800923586,0,-0.01752784662,0,0.1811663657,0,0
88,LinkN4_Axis,LinkN4,-8.56E-17,1.83E-08,0.9975202084,0,0,0,0,0,0
88,LinkN5,LinkN4,-8.56E-17,1.83E-08,0.9975202084,0,0,0,0,0,0
88,LinkN5_Axis,LinkN5,-8.56E-17,-0.06264996529,1.17999959,0,0,0,0,0,0
88,LinkN6,LinkN5,-4.44E-17,-0.06264998019,1.180000067,0,0.04453842342,0,0.5076602697,0,0
88,LinkN6.002,LinkN6,-8.56E-17,1.83E-08,1.260900617,0,0,0,0,0,0
88,LinkN7,LinkN6,-8.56E-17,1.83E-08,1.260900617,0,0,1.397126913,0,0,0
89,LinkN0,Robot KUKA LBR Iiwa14,0,0,0,0,0,0,0,0,0
89,LinkN0-Axis,LinkN0,-3.49E-08,0,0.1575000286,0,0,0,0,0,0
89,LinkN1,LinkN0,-3.49E-08,0,0.1575000435,0,0,0,0,0,0
89,LinkN1-Axis,LinkN1,-1.55E-09,4.27E-08,0.3600671887,0,0,0,0,0,0
89,LinkN2,LinkN1,-1.55E-09,-7.72E-05,0.3600672483,0,-0.03388601542,0,0.2182243466,0,0
89,LinkN2-Axis,LinkN2,-1.55E-09,9.60E-09,0.5645002127,0,0,0,0,0,0
89,LinkN3,LinkN2,-1.55E-09,9.60E-09,0.5645001531,0,0,0,0,0,0
89,LinkN3_Axis,LinkN3,-2.22E-16,0.0005000001984,0.780092299,0,0,0,0,0,0
89,LinkN4,LinkN3,-8.56E-17,-0.0002424090198,0.7800923586,0,-0.01294193882,0,0.1100617871,0,0
89,LinkN4_Axis,LinkN4,-8.56E-17,1.83E-08,0.9975202084,0,0,0,0,0,0
89,LinkN5,LinkN4,-8.56E-17,1.83E-08,0.9975202084,0,0,0,0,0,0
89,LinkN5_Axis,LinkN5,-8.56E-17,-0.06264996529,1.17999959,0,0,0,0,0,0
89,LinkN6,LinkN5,-4.44E-17,-0.06264998019,1.180000067,0,0.05889189243,0,0.3444832563,0,0
89,LinkN6.002,LinkN6,-8.56E-17,1.83E-08,1.260900617,0,0,0,0,0,0
89,LinkN7,LinkN6,-8.56E-17,1.83E-08,1.260900617,0,0,1.397126913,0,0,0
90,LinkN0,Robot KUKA LBR Iiwa14,0,0,0,0,0,0,0,0,0
90,LinkN0-Axis,LinkN0,-3.49E-08,0,0.1575000286,0,0,0,0,0,0
90,LinkN1,LinkN0,-3.49E-08,0,0.1575000435,0,0,0,0,0,0
90,LinkN1-Axis,LinkN1,-1.55E-09,4.27E-08,0.3600671887,0,0,0,0,0,0
90,LinkN2,LinkN1,-1.55E-09,-7.72E-05,0.3600672483,0,-0.03065986,0,0.07742772996,0,0
90,LinkN2-Axis,LinkN2,-1.55E-09,9.60E-09,0.5645002127,0,0,0,0,0,0
90,LinkN3,LinkN2,-1.55E-09,9.60E-09,0.5645001531,0,0,0,0,0,0
90,LinkN3_Axis,LinkN3,-2.22E-16,0.0005000001984,0.780092299,0,0,0,0,0,0
90,LinkN4,LinkN3,-8.56E-17,-0.0002424090198,0.7800923586,0,-0.01139608864,0,0.0371004045,0,0
90,LinkN4_Axis,LinkN4,-8.56E-17,1.83E-08,0.9975202084,0,0,0,0,0,0
90,LinkN5,LinkN4,-8.56E-17,1.83E-08,0.9975202084,0,0,0,0,0,0
90,LinkN5_Axis,LinkN5,-8.56E-17,-0.06264996529,1.17999959,0,0,0,0,0,0
90,LinkN6,LinkN5,-4.44E-17,-0.06264998019,1.180000067,0,0.06417999417,0,0.1269144416,0,0
90,LinkN6.002,LinkN6,-8.56E-17,1.83E-08,1.260900617,0,0,0,0,0,0
90,LinkN7,LinkN6,-8.56E-17,1.83E-08,1.260900617,0,0,1.397126913,0,0,0
91,LinkN0,Robot KUKA LBR Iiwa14,0,0,0,0,0,0,0,0,0
91,LinkN0-Axis,LinkN0,-3.49E-08,0,0.1575000286,0,0,0,0,0,0
91,LinkN1,LinkN0,-3.49E-08,0,0.1575000435,0,0,0,0,0,0
91,LinkN1-Axis,LinkN1,-1.55E-09,4.27E-08,0.3600671887,0,0,0,0,0,0
91,LinkN2,LinkN1,-1.55E-09,-7.72E-05,0.3600672483,0,-0.03065986,0,0,0,0
91,LinkN2-Axis,LinkN2,-1.55E-09,9.60E-09,0.5645002127,0,0,0,0,0,0
91,LinkN3,LinkN2,-1.55E-09,9.60E-09,0.5645001531,0,0,0,0,0,0
91,LinkN3_Axis,LinkN3,-2.22E-16,0.0005000001984,0.780092299,0,0,0,0,0,0
91,LinkN4,LinkN3,-8.56E-17,-0.0002424090198,0.7800923586,0,-0.01139608864,0,0,0,0
91,LinkN4_Axis,LinkN4,-8.56E-17,1.83E-08,0.9975202084,0,0,0,0,0,0
91,LinkN5,LinkN4,-8.56E-17,1.83E-08,0.9975202084,0,0,0,0,0,0
91,LinkN5_Axis,LinkN5,-8.56E-17,-0.06264996529,1.17999959,0,0,0,0,0,0
91,LinkN6,LinkN5,-4.44E-17,-0.06264998019,1.180000067,0,0.06417999417,0,0,0,0
91,LinkN6.002,LinkN6,-8.56E-17,1.83E-08,1.260900617,0,0,0,0,0,0
91,LinkN7,LinkN6,-8.56E-17,1.83E-08,1.260900617,0,0,1.397126913,0,0,0
92,LinkN0,Robot KUKA LBR Iiwa14,0,0,0,0,0,0,0,0,0
92,LinkN0-Axis,LinkN0,-3.49E-08,0,0.1575000286,0,0,0,0,0,0
92,LinkN1,LinkN0,-3.49E-08,0,0.1575000435,0,0,0,0,0,0
92,LinkN1-Axis,LinkN1,-1.55E-09,4.27E-08,0.3600671887,0,0,0,0,0,0
92,LinkN2,LinkN1,-1.55E-09,-7.72E-05,0.3600672483,0,-0.03065986,0,0,0,0
92,LinkN2-Axis,LinkN2,-1.55E-09,9.60E-09,0.5645002127,0,0,0,0,0,0
92,LinkN3,LinkN2,-1.55E-09,9.60E-09,0.5645001531,0,0,0,0,0,0
92,LinkN3_Axis,LinkN3,-2.22E-16,0.0005000001984,0.780092299,0,0,0,0,0,0
92,LinkN4,LinkN3,-8.56E-17,-0.0002424090198,0.7800923586,0,-0.01139608864,0,0,0,0
92,LinkN4_Axis,LinkN4,-8.56E-17,1.83E-08,0.9975202084,0,0,0,0,0,0
92,LinkN5,LinkN4,-8.56E-17,1.83E-08,0.9975202084,0,0,0,0,0,0
92,LinkN5_Axis,LinkN5,-8.56E-17,-0.06264996529,1.17999959,0,0,0,0,0,0
92,LinkN6,LinkN5,-4.44E-17,-0.06264998019,1.180000067,0,0.06417999417,0,0,0,0
92,LinkN6.002,LinkN6,-8.56E-17,1.83E-08,1.260900617,0,0,0,0,0,0
92,LinkN7,LinkN6,-8.56E-17,1.83E-08,1.260900617,0,0,1.397126913,0,0,0
93,LinkN0,Robot KUKA LBR Iiwa14,0,0,0,0,0,0,0,0,0
93,LinkN0-Axis,LinkN0,-3.49E-08,0,0.1575000286,0,0,0,0,0,0
93,LinkN1,LinkN0,-3.49E-08,0,0.1575000435,0,0,0,0,0,0
93,LinkN1-Axis,LinkN1,-1.55E-09,4.27E-08,0.3600671887,0,0,0,0,0,0
93,LinkN2,LinkN1,-1.55E-09,-7.72E-05,0.3600672483,0,-0.03065986,0,0,0,0
93,LinkN2-Axis,LinkN2,-1.55E-09,9.60E-09,0.5645002127,0,0,0,0,0,0
93,LinkN3,LinkN2,-1.55E-09,9.60E-09,0.5645001531,0,0,0,0,0,0
93,LinkN3_Axis,LinkN3,-2.22E-16,0.0005000001984,0.780092299,0,0,0,0,0,0
93,LinkN4,LinkN3,-8.56E-17,-0.0002424090198,0.7800923586,0,-0.01139608864,0,0,0,0
93,LinkN4_Axis,LinkN4,-8.56E-17,1.83E-08,0.9975202084,0,0,0,0,0,0
93,LinkN5,LinkN4,-8.56E-17,1.83E-08,0.9975202084,0,0,0,0,0,0
93,LinkN5_Axis,LinkN5,-8.56E-17,-0.06264996529,1.17999959,0,0,0,0,0,0
93,LinkN6,LinkN5,-4.44E-17,-0.06264998019,1.180000067,0,0.06417999417,0,0,0,0
93,LinkN6.002,LinkN6,-8.56E-17,1.83E-08,1.260900617,0,0,0,0,0,0
93,LinkN7,LinkN6,-8.56E-17,1.83E-08,1.260900617,0,0,1.397126913,0,0,0
94,LinkN0,Robot KUKA LBR Iiwa14,0,0,0,0,0,0,0,0,0
94,LinkN0-Axis,LinkN0,-3.49E-08,0,0.1575000286,0,0,0,0,0,0
94,LinkN1,LinkN0,-3.49E-08,0,0.1575000435,0,0,0,0,0,0
94,LinkN1-Axis,LinkN1,-1.55E-09,4.27E-08,0.3600671887,0,0,0,0,0,0
94,LinkN2,LinkN1,-1.55E-09,-7.72E-05,0.3600672483,0,-0.03065986,0,0,0,0
94,LinkN2-Axis,LinkN2,-1.55E-09,9.60E-09,0.5645002127,0,0,0,0,0,0
94,LinkN3,LinkN2,-1.55E-09,9.60E-09,0.5645001531,0,0,0,0,0,0
94,LinkN3_Axis,LinkN3,-2.22E-16,0.0005000001984,0.780092299,0,0,0,0,0,0
94,LinkN4,LinkN3,-8.56E-17,-0.0002424090198,0.7800923586,0,-0.01139608864,0,0,0,0
94,LinkN4_Axis,LinkN4,-8.56E-17,1.83E-08,0.9975202084,0,0,0,0,0,0
94,LinkN5,LinkN4,-8.56E-17,1.83E-08,0.9975202084,0,0,0,0,0,0
94,LinkN5_Axis,LinkN5,-8.56E-17,-0.06264996529,1.17999959,0,0,0,0,0,0
94,LinkN6,LinkN5,-4.44E-17,-0.06264998019,1.180000067,0,0.06417999417,0,0,0,0
94,LinkN6.002,LinkN6,-8.56E-17,1.83E-08,1.260900617,0,0,0,0,0,0
94,LinkN7,LinkN6,-8.56E-17,1.83E-08,1.260900617,0,0,1.397126913,0,0,0
95,LinkN0,Robot KUKA LBR Iiwa14,0,0,0,0,0,0,0,0,0
95,LinkN0-Axis,LinkN0,-3.49E-08,0,0.1575000286,0,0,0,0,0,0
95,LinkN1,LinkN0,-3.49E-08,0,0.1575000435,0,0,0,0,0,0
95,LinkN1-Axis,LinkN1,-1.55E-09,4.27E-08,0.3600671887,0,0,0,0,0,0
95,LinkN2,LinkN1,-1.55E-09,-7.72E-05,0.3600672483,0,-0.03065986,0,0,0,0
95,LinkN2-Axis,LinkN2,-1.55E-09,9.60E-09,0.5645002127,0,0,0,0,0,0
95,LinkN3,LinkN2,-1.55E-09,9.60E-09,0.5645001531,0,0,0,0,0,0
95,LinkN3_Axis,LinkN3,-2.22E-16,0.0005000001984,0.780092299,0,0,0,0,0,0
95,LinkN4,LinkN3,-8.56E-17,-0.0002424090198,0.7800923586,0,-0.01139608864,0,0,0,0
95,LinkN4_Axis,LinkN4,-8.56E-17,1.83E-08,0.9975202084,0,0,0,0,0,0
95,LinkN5,LinkN4,-8.56E-17,1.83E-08,0.9975202084,0,0,0,0,0,0
95,LinkN5_Axis,LinkN5,-8.56E-17,-0.06264996529,1.17999959,0,0,0,0,0,0
95,LinkN6,LinkN5,-4.44E-17,-0.06264998019,1.180000067,0,0.06417999417,0,0,0,0
95,LinkN6.002,LinkN6,-8.56E-17,1.83E-08,1.260900617,0,0,0,0,0,0
95,LinkN7,LinkN6,-8.56E-17,1.83E-08,1.260900617,0,0,1.397126913,0,0,0