Frame,qpos_LinkN0,qvel_LinkN0,qpos_LinkN1,qvel_LinkN1,qpos_LinkN2,qvel_LinkN2,qpos_LinkN3,qvel_LinkN3,qpos_LinkN4,qvel_LinkN4,qpos_LinkN5,qvel_LinkN5,qpos_LinkN6,qvel_LinkN6,qpos_LinkN7,qvel_LinkN7
0,-0.0,0.0,-0.0,0.0,0.0,0.0,-0.0,0.0,0.0,0.0,-0.0,0.0,0.0,0.0,1.3971269130706787,0.0
1,-0.0,0.0,-0.0,0.0,0.0,0.0,-0.0,0.0,0.0,0.0,-0.0,0.0,0.0,0.0,1.3971269130706787,0.0
2,-0.0,0.0,-0.0,0.0,0.0,0.0,-0.0,0.0,0.0,0.0,-0.0,0.0,0.0,0.0,1.3971269130706787,0.0
3,-0.0,0.0,-0.0,0.0,0.0,0.0,-0.0,0.0,0.0,0.0,-0.0,0.0,0.0,0.0,1.3971269130706787,0.0
4,-0.0,0.0,-0.0,0.0,0.0,0.0,-0.0,0.0,0.0,0.0,-0.0,0.0,0.0,0.0,1.3971269130706787,0.0
5,-0.0,0.0,-0.0,0.0,0.0,0.0,-0.0,0.0,0.0,0.0,-0.0,0.0,0.0,0.0,1.3971269130706787,0.0
6,-0.0,0.0,-0.0,0.0,-0.0003643821401055,-0.0087451713625341,-0.0,0.0,0.0,0.0,-0.0,0.0,0.0,0.0,1.3971269130706787,0.0
7,-0.0,0.0,-0.0,0.0,-0.0014432151801884,-0.0258919929619878,-0.0,0.0,0.0,0.0,-0.0,0.0,0.0,0.0,1.3971269130706787,0.0
8,-0.0,0.0,-0.0,0.0,-0.0032150293700397,-0.0425235405564308,-0.0,0.0,0.0,0.0,-0.0,0.0,0.0,0.0,1.3971269130706787,0.0
9,-0.0,0.0,-0.0,0.0,-0.0056583532132208,-0.0586397722363472,-0.0,0.0,0.0,0.0,-0.0,0.0,0.0,0.0,1.3971269130706787,0.0
10,-0.0,0.0,-0.0,0.0,-0.008751718327403,-0.0742407627403736,-0.0,0.0,0.0,0.0,-0.0,0.0,0.0,0.0,1.3971269130706787,0.0
11,-0.0,0.0,-0.0,0.0,-0.0124736540019512,-0.0893264561891555,-0.0,0.0,0.0,0.0,-0.0,0.0,0.0,0.0,1.3971269130706787,0.0
12,-0.0,0.0,-0.0,0.0,-0.0168026890605688,-0.1038968414068222,-0.0,0.0,0.0,0.0,-0.0,0.0,0.0,0.0,1.3971269130706787,0.0
13,-0.0,0.0,-0.0,0.0,-0.0217173527926206,-0.1179519295692443,-0.0,0.0,0.0,0.0,-0.0,0.0,0.0,0.0,1.3971269130706787,0.0
14,-0.0,0.0,-0.0,0.0,-0.0271961782127618,-0.1314918100833892,-0.0,0.0,0.0,0.0,-0.0,0.0,0.0,0.0,1.3971269130706787,0.0
15,-0.0,0.0,-0.0,0.0,-0.0332176908850669,-0.1445163041353225,-0.0,0.0,0.0,0.0,-0.0,0.0,0.0,0.0,1.3971269130706787,0.0
16,-0.0,0.0,-0.0,0.0,-0.0397604256868362,-0.1570256352424621,-0.0,0.0,0.0,0.0,-0.0,0.0,0.0,0.0,1.3971269130706787,0.0
17,-0.0,0.0,-0.0,0.0,-0.0468029119074344,-0.1690196692943573,-0.0,0.0,0.0,0.0,-0.0,0.0,0.0,0.0,1.3971269130706787,0.0
18,-0.0,0.0,-0.0,0.0,-0.0543236769735813,-0.1804983615875244,-0.0,0.0,0.0,0.0,-0.0,0.0,0.0,0.0,1.3971269130706787,0.0
19,-0.0,0.0,-0.0,0.0,-0.0623012408614158,-0.1914615333080291,-0.0,0.0,0.0,0.0,-0.0,0.0,0.0,0.0,1.3971269130706787,0.0
20,-0.0,0.0,-0.0,0.0,-0.0707141533493995,-0.2019098997116089,-0.0,0.0,0.0,0.0,-0.0,0.0,0.0,0.0,1.3971269130706787,0.0
21,-0.0,0.0,-0.0,0.0,-0.0795409232378006,-0.2118424773216247,-0.0,0.0,0.0,0.0,-0.0,0.0,0.0,0.0,1.3971269130706787,0.0
22,-0.0,0.0,-0.0,0.0,-0.0887601003050804,-0.2212602496147155,-0.0,0.0,0.0,0.0,-0.0,0.0,0.0,0.0,1.3971269130706787,0.0
23,-0.0,0.0,-0.0,0.0,-0.0983502119779586,-0.2301626801490783,-0.0,0.0,0.0,0.0,-0.0,0.0,0.0,0.0,1.3971269130706787,0.0
24,-0.0,0.0,-0.0,0.0,-0.1082897707819938,-0.2385494112968444,-0.0,0.0,0.0,0.0,-0.0,0.0,0.0,0.0,1.3971269130706787,0.0
25,-0.0,0.0,-0.0,0.0,-0.1185573190450668,-0.2464211583137512,-0.0,0.0,0.0,0.0,-0.0,0.0,0.0,0.0,1.3971269130706787,0.0
26,-0.0,0.0,-0.0,0.0,-0.1291313916444778,-0.2537777423858642,-0.0,0.0,0.0,0.0,-0.0,0.0,0.0,0.0,1.3971269130706787,0.0
27,-0.0,0.0,-0.0,0.0,-0.1399905085563659,-0.2606188058853149,-0.0,0.0,0.0,0.0,-0.0,0.0,0.0,0.0,1.3971269130706787,0.0
28,-0.0,0.0,-0.0,0.0,-0.151113212108612,-0.2669448852539062,-0.0,0.0,0.0,0.0,-0.0,0.0,0.0,0.0,1.3971269130706787,0.0
29,-0.0,0.0,-0.0,0.0,-0.1624780148267746,-0.2727552652359009,-0.0,0.0,0.0,0.0,-0.0,0.0,0.0,0.0,1.3971269130706787,0.0
30,-0.0,0.0,-0.0,0.0,-0.1740634441375732,-0.2780503034591675,-0.0,0.0,0.0,0.0,-0.0,0.0,0.0,0.0,1.3971269130706787,0.0
31,-0.0,0.0,-0.0,0.0,-0.18584805727005,-0.2828307151794433,-0.0,0.0,0.0,0.0,-0.0,0.0,0.0,0.0,1.3971269130706787,0.0
32,-0.0,0.0,-0.0,0.0,-0.1978103518486023,-0.2870950698852539,-0.0,0.0,0.0,0.0,-0.0,0.0,0.0,0.0,1.3971269130706787,0.0
33,-0.0,0.0,-0.0,0.0,-0.2099288702011108,-0.2908444404602051,-0.0,0.0,0.0,0.0,-0.0,0.0,0.0,0.0,1.3971269130706787,0.0
34,-0.0,0.0,-0.0,0.0,-0.2221821844577789,-0.2940795421600342,-0.0,0.0,0.0,0.0,-0.0,0.0,0.0,0.0,1.3971269130706787,0.0
35,-0.0,0.0,-0.0,0.0,-0.234548732638359,-0.2967971563339233,-0.0,0.0,0.0,0.0,-0.0,0.0,0.0,0.0,1.3971269130706787,0.0
36,-0.0,0.0,-0.0,0.0,-0.247007131576538,-0.2990015745162964,-0.0,0.0,0.0,0.0,-0.0,0.0,0.0,0.0,1.3971269130706787,0.0
37,-0.0,0.0,-0.0,0.0,-0.2595358490943908,-0.3006892204284668,-0.0,0.0,0.0,0.0,-0.0,0.0,0.0,0.0,1.3971269130706787,0.0
38,-0.0,0.0,-0.0,0.0,-0.2721134424209595,-0.3018622398376465,-0.0,0.0,0.0,0.0,-0.0,0.0,0.0,0.0,1.3971269130706787,0.0
39,-0.0,0.0,-0.0,0.0,-0.2847184538841247,-0.3025202751159668,-0.0,0.0,0.0,0.0,-0.0,0.0,0.0,0.0,1.3971269130706787,0.0
40,-0.0,0.0,-0.0,0.0,-0.2973294258117676,-0.3026633262634277,-0.0,0.0,0.0,0.0,-0.0,0.0,0.0,0.0,1.3971269130706787,0.0
41,-0.0,0.0,-0.0,0.0,-0.309924840927124,-0.3022899627685547,-0.0,0.0,0.0,0.0,-0.0,0.0,0.0,0.0,1.3971269130706787,0.0
42,-0.0,0.0,-0.0,0.0,-0.3224832713603973,-0.3014023303985595,-0.0,0.0,0.0,0.0,-0.0,0.0,0.0,0.0,1.3971269130706787,0.0
43,-0.0,0.0,-0.0,0.0,-0.3349831700325012,-0.2999975681304931,-0.0,0.0,0.0,0.0,-0.0,0.0,0.0,0.0,1.3971269130706787,0.0
44,-0.0,0.0,-0.0,0.0,-0.3474032282829284,-0.2980813980102539,-0.0,0.0,0.0,0.0,-0.0,0.0,0.0,0.0,1.3971269130706787,0.0
45,-0.0,0.0,-0.0,0.0,-0.3597217500209808,-0.2956445217132568,-0.0,0.0,0.0,0.0,-0.0,0.0,0.0,0.0,1.3971269130706787,0.0
46,-0.0,0.0,-0.0,0.0,-0.3719174563884735,-0.2926969528198242,-0.0,0.0,0.0,0.0,-0.0,0.0,0.0,0.0,1.3971269130706787,0.0
47,-0.0,0.0,-0.0,0.0,-0.3839687705039978,-0.289231538772583,-0.0,0.0,0.0,0.0,-0.0,0.0,0.0,0.0,1.3971269130706787,0.0
48,-0.0,0.0,-0.0,0.0,-0.3958542943000793,-0.285252571105957,-0.0,0.0,0.0,0.0,-0.0,0.0,0.0,0.0,1.3971269130706787,0.0
49,-0.0,0.0,-0.0,0.0,-0.4075525104999542,-0.280757188796997,-0.0,0.0,0.0,0.0,-0.0,0.0,0.0,0.0,1.3971269130706787,0.0
50,-0.0,0.0,-0.0,0.0,-0.4190419316291809,-0.2757461071014404,-0.0,0.0,0.0,0.0,-0.0,0.0,0.0,0.0,1.3971269130706787,0.0
51,-0.0,0.0,-0.0,0.0,-0.430305153131485,-0.2703173160552978,-0.0,0.0,-0.000431714230217,-0.0103611415252089,-0.0,0.0,0.0,0.0,1.3971269130706787,0.0
52,-0.0,0.0,-0.0,0.0,-0.4413408935070038,-0.2648577690124511,-0.0,0.0,-0.0017097297823056,-0.0306723732501268,-0.0,0.0,0.0,0.0,1.3971269130706787,0.0
53,-0.0,0.0,-0.0,0.0,-0.4521518647670746,-0.2594633102416992,-0.0,0.0,-0.0038083549588918,-0.050367004238069,-0.0,0.0,0.0,0.0,1.3971269130706787,0.0
54,-0.0,0.0,-0.0,0.0,-0.4627407789230346,-0.254133939743042,-0.0,0.0,-0.0067019020207226,-0.0694451294839382,-0.0,0.0,0.0,0.0,1.3971269130706787,0.0
55,-0.0,0.0,-0.0,0.0,-0.4731104075908661,-0.2488710880279541,-0.0,0.0,-0.010364674963057,-0.0879065506160259,-0.0,0.0,0.0,0.0,1.3971269130706787,0.0
56,-0.0,0.0,-0.0,0.0,-0.4832634329795837,-0.2436726093292236,-0.0,0.0,-0.0147709874436259,-0.1057514995336532,-0.0,0.0,0.0,0.0,1.3971269130706787,0.0
57,-0.0,0.0,-0.0,0.0,-0.4932025969028473,-0.2385399341583252,-0.0,0.0,-0.0198951493948698,-0.122979886829853,-0.0,0.0,0.0,0.0,1.3971269130706787,0.0
58,-0.0,0.0,-0.0,0.0,-0.5029307007789612,-0.2334744930267334,-0.0,0.0,-0.025711465626955,-0.1395915895700454,-0.0,0.0,0.0,0.0,1.3971269130706787,0.0
59,-0.0,0.0,-0.0,0.0,-0.5124503374099731,-0.2284712791442871,-0.0,0.0,-0.0321942456066608,-0.1555867195129394,-0.0,0.0,0.0,0.0,1.3971269130706787,0.0
60,-0.0,0.0,-0.0,0.0,-0.52176433801651,-0.2235360145568847,-0.0,0.0,-0.0393178090453147,-0.1709655225276947,-0.0,0.0,0.0,0.0,1.3971269130706787,0.0
61,-0.0,0.0,-0.0,0.0,-0.5308753848075867,-0.2186651229858398,-0.0,0.0,-0.0470564514398574,-0.1857274174690246,-0.0,0.0,0.0,0.0,1.3971269130706787,0.0
62,-0.0,0.0,-0.0,0.0,-0.5397862792015076,-0.2138614654541015,-0.0,0.0,-0.0553844794631004,-0.1998726725578308,-0.0,0.0,0.0,0.0,1.3971269130706787,0.0
63,-0.0,0.0,-0.0,0.0,-0.5484997630119324,-0.2091236114501953,-0.0,0.0,-0.0642762333154678,-0.2134020924568176,-0.0,0.0,0.0,0.0,1.3971269130706787,0.0
64,-0.0,0.0,-0.0,0.0,-0.5570183396339417,-0.2044458389282226,-0.0,0.0,-0.0737059786915779,-0.2263138890266418,-0.0,0.0,0.0,0.0,1.3971269130706787,0.0
65,-0.0,0.0,-0.0,0.0,-0.5653451085090637,-0.1998424530029297,-0.0,0.0,-0.0836480483412742,-0.2386096715927124,-0.0,0.0,0.0,0.0,1.3971269130706787,0.0
66,-0.0,0.0,-0.0,0.0,-0.5734824538230896,-0.1952962875366211,-0.0,0.0,-0.0940767675638198,-0.2502892613410949,-0.0,0.0,0.0,0.0,1.3971269130706787,0.0
67,-0.0,0.0,-0.0,0.0,-0.5814332962036133,-0.1908202171325683,-0.0,0.0,-0.1049663946032524,-0.2613510489463806,-0.0,0.0,0.0,0.0,1.3971269130706787,0.0
68,-0.0,0.0,-0.0,0.0,-0.5892004370689392,-0.1864113807678222,-0.0,0.0,-0.1162912994623184,-0.2717977166175842,-0.0,0.0,0.0,0.0,1.3971269130706787,0.0
69,-0.0,0.0,-0.0,0.0,-0.5967863202095032,-0.1820611953735351,-0.0,0.0,-0.1280257552862167,-0.2816269397735595,-0.0,0.0,0.0,0.0,1.3971269130706787,0.0
70,-0.0,0.0,-0.0,0.0,-0.6041939854621887,-0.1777839660644531,-0.0,0.0,-0.1401440799236297,-0.2908397912979126,-0.0,0.0,0.0,0.0,1.3971269130706787,0.0
71,-0.0,0.0,-0.0,0.0,-0.6114259362220764,-0.1735668182373047,-0.0,0.0,-0.1526205837726593,-0.299436092376709,-0.0,0.0,0.0,0.0,1.3971269130706787,0.0
72,-0.0,0.0,-0.0,0.0,-0.6184850931167603,-0.1694197654724121,-0.0,0.0,-0.1654295623302459,-0.3074154853820801,-0.0,0.0,0.0,0.0,1.3971269130706787,0.0
73,-0.0,0.0,-0.0,0.0,-0.6253741383552551,-0.1653370857238769,-0.0,0.0,-0.1785453408956527,-0.3147786855697632,-0.0,0.0,0.0,0.0,1.3971269130706787,0.0
74,-0.0,0.0,-0.0,0.0,-0.6320956349372864,-0.16131591796875,-0.0,0.0,-0.1919422298669815,-0.3215253353118896,-0.0,0.0,0.0,0.0,1.3971269130706787,0.0
75,-0.0,0.0,-0.0,0.0,-0.6386523842811584,-0.1573619842529297,-0.0,0.0,-0.2055945396423339,-0.3276554346084595,-0.0,0.0,0.0,0.0,1.3971269130706787,0.0
76,-0.0,0.0,-0.0,0.0,-0.6450473070144653,-0.1534781455993652,-0.0,0.0,-0.2194765508174896,-0.3331682682037353,-0.0,0.0,0.0,0.0,1.3971269130706787,0.0
77,-0.0,0.0,-0.0,0.0,-0.6512829661369324,-0.1496558189392089,-0.0,0.0,-0.2335626184940338,-0.3380656242370605,-0.0,0.0,0.0,0.0,1.3971269130706787,0.0
78,-0.0,0.0,-0.0,0.0,-0.6573621034622192,-0.1458992958068847,-0.0,0.0,-0.2478270530700683,-0.3423464298248291,-0.0,0.0,0.0,0.0,1.3971269130706787,0.0
79,-0.0,0.0,-0.0,0.0,-0.6632874011993408,-0.1422071456909179,-0.0,0.0,-0.2622440457344055,-0.3460078239440918,-0.0,0.0,0.0,0.0,1.3971269130706787,0.0
80,-0.0,0.0,-0.0,0.0,-0.6690617799758911,-0.138585090637207,-0.0,0.0,-0.2767880856990814,-0.3490569591522217,-0.0,0.0,0.0,0.0,1.3971269130706787,0.0
81,-0.0,0.0,-0.0,0.0,-0.6746878027915955,-0.1350245475769043,-0.0,0.0,-0.2914333939552307,-0.351487398147583,-0.0,0.0,0.0,0.0,1.3971269130706787,0.0
82,-0.0,0.0,-0.0,0.0,-0.6801682710647583,-0.1315312385559082,-0.0,0.0,-0.3061542212963104,-0.3532998561859131,-0.0,0.0,0.0,0.0,1.3971269130706787,0.0
83,-0.0,0.0,-0.0,0.0,-0.6855058073997498,-0.1281008720397949,-0.0,0.0,-0.3209249973297119,-0.3544986248016357,-0.0,0.0,0.0,0.0,1.3971269130706787,0.0
84,-0.0,0.0,-0.0,0.0,-0.6907033324241638,-0.1247406005859375,-0.0,0.0,-0.3357199430465698,-0.3550786972045898,-0.0,0.0,0.0,0.0,1.3971269130706787,0.0
85,-0.0,0.0,-0.0,0.0,-0.695763349533081,-0.1214404106140136,-0.0,0.0,-0.3505133986473083,-0.3550429344177246,-0.0,0.0,0.0,0.0,1.3971269130706787,0.0
86,-0.0,0.0,-0.0,0.0,-0.7006888389587402,-0.1182117462158203,-0.0,0.0,-0.3652796745300293,-0.3543906211853027,-0.0,0.0,0.0,0.0,1.3971269130706787,0.0
87,-0.0,0.0,-0.0,0.0,-0.7054823637008667,-0.1150445938110351,-0.0,0.0,-0.3799931108951568,-0.3531224727630615,-0.0,0.0,0.0,0.0,1.3971269130706787,0.0
88,-0.0,0.0,-0.0,0.0,-0.7101466655731201,-0.111943244934082,-0.0,0.0,-0.3946279883384704,-0.3512370586395263,-0.0,0.0,0.0,0.0,1.3971269130706787,0.0
89,-0.0,0.0,-0.0,0.0,-0.7146844267845154,-0.1089062690734863,-0.0,0.0,-0.4091585278511047,-0.3487329483032226,-0.0,0.0,0.0,0.0,1.3971269130706787,0.0
90,-0.0,0.0,-0.0,0.0,-0.7190985679626465,-0.1059393882751464,-0.0,0.0,-0.4235592186450958,-0.3456165790557861,-0.0,0.0,0.0,0.0,1.3971269130706787,0.0
91,-0.0,0.0,-0.0,0.0,-0.7233917713165283,-0.103036880493164,-0.0,0.0,-0.4378041625022888,-0.3418786525726318,-0.0,0.0,0.0,0.0,1.3971269130706787,0.0
92,-0.0,0.0,-0.0,0.0,-0.7275665402412415,-0.1001944541931152,-0.0,0.0,-0.4518678486347198,-0.3375284671783447,-0.0,0.0,0.0,0.0,1.3971269130706787,0.0
93,-0.0,0.0,-0.0,0.0,-0.7316259145736694,-0.0974249839782714,-0.0,0.0,-0.4657244980335235,-0.332559585571289,-0.0,0.0,0.0,0.0,1.3971269130706787,0.0
94,-0.0,0.0,-0.0,0.0,-0.7355723977088928,-0.0947155952453613,-0.0,0.0,-0.4793484807014465,-0.3269755840301513,-0.0,0.0,0.0,0.0,1.3971269130706787,0.0
95,-0.0,0.0,-0.0,0.0,-0.7394088506698608,-0.0920748710632324,-0.0,0.0,-0.4927139580249786,-0.3207714557647705,-0.0,0.0,0.0,0.0,1.3971269130706787,0.0
96,-0.0,0.0,-0.0,0.0,-0.7431379556655884,-0.0894985198974609,-0.0,0.0,-0.5057954788208008,-0.3139564990997314,-0.0,0.0,0.0,0.0,1.3971269130706787,0.0
97,-0.0,0.0,-0.0,0.0,-0.7467623353004456,-0.0869851112365722,-0.0,0.0,-0.5185671448707581,-0.3065199851989746,-0.0,0.0,0.0,0.0,1.3971269130706787,0.0
98,-0.0,0.0,-0.0,0.0,-0.7502849698066711,-0.084543228149414,-0.0,0.0,-0.5310033559799194,-0.298469066619873,-0.0,0.0,0.0,0.0,1.3971269130706787,0.0
99,-0.0,0.0,-0.0,0.0,-0.7537084221839905,-0.082162857055664,-0.0,0.0,-0.5430784225463867,-0.2898015975952148,-0.0,0.0,0.0,0.0,1.3971269130706787,0.0
100,-0.0,0.0,-0.0,0.0,-0.7570353746414185,-0.0798468589782714,-0.0,0.0,-0.5547665953636169,-0.2805161476135254,-0.0,0.0,0.0,0.0,1.3971269130706787,0.0
101,-0.0,0.0,-0.0,0.0,-0.7602684497833252,-0.0775938034057617,-0.0,0.0,-0.5660483241081238,-0.270761489868164,-0.0,0.0,-0.0009220511419698,-0.0221292274072766,1.3971269130706787,0.0
102,-0.0,0.0,-0.0,0.0,-0.7634092569351196,-0.0753793716430664,-0.0,0.0,-0.5769281387329102,-0.261115550994873,-0.0,0.0,-0.0036383639089763,-0.0651915064081549,1.3971269130706787,0.0
103,-0.0,0.0,-0.0,0.0,-0.766459047794342,-0.0731949806213378,-0.0,0.0,-0.5874167680740356,-0.2517271041870117,-0.0,0.0,-0.00807417742908,-0.1064595244824886,1.3971269130706787,0.0
104,-0.0,0.0,-0.0,0.0,-0.7694193124771118,-0.0710463523864746,-0.0,0.0,-0.5975248217582703,-0.2425932884216308,-0.0,0.0,-0.0141547312960028,-0.1459332928061485,1.3971269130706787,0.0
105,-0.0,0.0,-0.0,0.0,-0.772291362285614,-0.0689291954040527,-0.0,0.0,-0.6072630882263184,-0.2337183952331543,-0.0,0.0,-0.0218052640557289,-0.1836127862334251,1.3971269130706787,0.0
106,-0.0,0.0,-0.0,0.0,-0.7750767469406128,-0.0668492317199707,-0.0,0.0,-0.6166421175003052,-0.2250967025756836,-0.0,0.0,-0.030951015651226,-0.2194980382919311,1.3971269130706787,0.0
107,-0.0,0.0,-0.0,0.0,-0.7777765989303589,-0.0647964477539062,-0.0,0.0,-0.6256726384162903,-0.2167325019836425,-0.0,0.0,-0.0415172167122364,-0.2535888254642486,1.3971269130706787,0.0
108,-0.0,0.0,-0.0,0.0,-0.7803923487663269,-0.0627779960632324,-0.0,0.0,-0.6343652606010437,-0.208622932434082,-0.0,0.0,-0.0534291267395019,-0.2858858406543731,1.3971269130706787,0.0
109,-0.0,0.0,-0.0,0.0,-0.7829254269599915,-0.0607938766479492,-0.0,0.0,-0.642730712890625,-0.2007708549499511,-0.0,0.0,-0.066611960530281,-0.3163880109786987,1.3971269130706787,0.0
110,-0.0,0.0,-0.0,0.0,-0.7853773236274719,-0.0588455200195312,-0.0,0.0,-0.6507796049118042,-0.1931734085083007,-0.0,0.0,-0.0809909850358963,-0.3450965881347656,1.3971269130706787,0.0
111,-0.0,0.0,-0.0,0.0,-0.7877492904663086,-0.05692720413208,-0.0,0.0,-0.6585227251052856,-0.1858348846435547,-0.0,0.0,-0.0964913964271545,-0.3720098733901977,1.3971269130706787,0.0
112,-0.0,0.0,-0.0,0.0,-0.7900425791740417,-0.0550389289855957,-0.0,0.0,-0.6659706830978394,-0.178750991821289,-0.0,0.0,-0.1130384877324104,-0.3971301913261413,1.3971269130706787,0.0
113,-0.0,0.0,-0.0,0.0,-0.7922588586807251,-0.0531907081604003,-0.0,0.0,-0.6731339693069458,-0.1719188690185547,-0.0,0.0,-0.1305574625730514,-0.4204553961753845,1.3971269130706787,0.0
114,-0.0,0.0,-0.0,0.0,-0.7943992614746094,-0.0513696670532226,-0.0,0.0,-0.6800234913825989,-0.1653485298156738,-0.0,0.0,-0.1489735394716262,-0.4419858455657959,1.3971269130706787,0.0
115,-0.0,0.0,-0.0,0.0,-0.7964652180671692,-0.0495829582214355,-0.0,0.0,-0.6866499185562134,-0.159034252166748,-0.0,0.0,-0.1682120263576507,-0.4617236852645874,1.3971269130706787,0.0
116,-0.0,0.0,-0.0,0.0,-0.7984582185745239,-0.0478320121765136,-0.0,0.0,-0.6930237412452698,-0.1529717445373535,-0.0,0.0,-0.1881981194019317,-0.4796662330627441,1.3971269130706787,0.0
117,-0.0,0.0,-0.0,0.0,-0.8003795146942139,-0.0461111068725585,-0.0,0.0,-0.6991558074951172,-0.1471695899963379,-0.0,0.0,-0.208856999874115,-0.4958131313323974,1.3971269130706787,0.0
118,-0.0,0.0,-0.0,0.0,-0.8022305369377136,-0.0444245338439941,-0.0,0.0,-0.7050566077232361,-0.1416192054748535,-0.0,0.0,-0.2301140427589416,-0.5101690292358398,1.3971269130706787,0.0
119,-0.0,0.0,-0.0,0.0,-0.804012656211853,-0.0427708625793457,-0.0,0.0,-0.7107369303703308,-0.1363277435302734,-0.0,0.0,-0.2518943846225738,-0.5227282047271729,1.3971269130706787,0.0
120,-0.0,0.0,-0.0,0.0,-0.8057272434234619,-0.0411500930786132,-0.0,0.0,-0.7162075042724609,-0.131293773651123,-0.0,0.0,-0.2741233110427856,-0.533494234085083,1.3971269130706787,0.0
121,-0.0,0.0,-0.0,0.0,-0.8073757886886597,-0.039565086364746,-0.0,0.0,-0.7214788198471069,-0.1265115737915039,-0.0,0.0,-0.2967259883880615,-0.5424642562866211,1.3971269130706787,0.0
122,-0.0,0.0,-0.0,0.0,-0.808959424495697,-0.0380072593688964,-0.0,0.0,-0.7265617251396179,-0.1219897270202636,-0.0,0.0,-0.3196277320384979,-0.5496418476104736,1.3971269130706787,0.0
123,-0.0,0.0,-0.0,0.0,-0.8104797005653381,-0.0364866256713867,-0.0,0.0,-0.7314667701721191,-0.1177210807800293,-0.0,0.0,-0.3427537679672241,-0.5550248622894287,1.3971269130706787,0.0
124,-0.0,0.0,-0.0,0.0,-0.8119379878044128,-0.0349988937377929,-0.0,0.0,-0.7362046837806702,-0.1137099266052246,-0.0,0.0,-0.366029292345047,-0.558612585067749,1.3971269130706787,0.0
125,-0.0,0.0,-0.0,0.0,-0.813335657119751,-0.0335440635681152,-0.0,0.0,-0.740786075592041,-0.1099534034729003,-0.0,0.0,-0.389379620552063,-0.5604078769683838,1.3971269130706787,0.0
126,-0.0,0.0,-0.0,0.0,-0.8146739602088928,-0.0321192741394043,-0.0,0.0,-0.7452216744422913,-0.1064543724060058,-0.0,0.0,-0.412729948759079,-0.5604078769683838,1.3971269130706787,0.0
127,-0.0,0.0,-0.0,0.0,-0.8159544467926025,-0.0307316780090332,-0.0,0.0,-0.7495221495628357,-0.1032114028930664,-0.0,0.0,-0.4360055327415466,-0.5586140155792236,1.3971269130706787,0.0
128,-0.0,0.0,-0.0,0.0,-0.81717848777771,-0.0293769836425781,-0.0,0.0,-0.7536981105804443,-0.1002230644226074,-0.0,0.0,-0.4591315686702728,-0.5550248622894287,1.3971269130706787,0.0
129,-0.0,0.0,-0.0,0.0,-0.8183473348617554,-0.0280523300170898,-0.0,0.0,-0.7577602863311768,-0.0974922180175781,-0.0,0.0,-0.4820333123207092,-0.5496418476104736,1.3971269130706787,0.0
130,-0.0,0.0,-0.0,0.0,-0.8194624185562134,-0.0267620086669921,-0.0,0.0,-0.761719286441803,-0.0950160026550293,-0.0,0.0,-0.5046360492706299,-0.5424656867980957,1.3971269130706787,0.0
131,-0.0,0.0,-0.0,0.0,-0.8205251693725586,-0.0255060195922851,-0.0,0.0,-0.7655858397483826,-0.0927972793579101,-0.0,0.0,-0.5268648862838745,-0.5334920883178711,1.3971269130706787,0.0
132,-0.0,0.0,-0.0,0.0,-0.8215368390083313,-0.0242800712585449,-0.0,0.0,-0.7693706154823303,-0.0908346176147461,-0.0,0.0,-0.5486452579498291,-0.5227289199829102,1.3971269130706787,0.0
133,-0.0,0.0,-0.0,0.0,-0.8224990367889404,-0.0230927467346191,-0.0,0.0,-0.7730842232704163,-0.0891265869140625,-0.0,0.0,-0.5699023008346558,-0.5101690292358398,1.3971269130706787,0.0
134,-0.0,0.0,-0.0,0.0,-0.8234128355979919,-0.0219311714172363,-0.0,0.0,-0.7767373919487,-0.0876760482788086,-0.0,0.0,-0.5905611515045166,-0.4958124160766601,1.3971269130706787,0.0
135,-0.0,0.0,-0.0,0.0,-0.8242798447608948,-0.0208082199096679,-0.0,0.0,-0.7803407907485962,-0.0864815711975097,-0.0,0.0,-0.6105472445487976,-0.4796662330627441,1.3971269130706787,0.0
136,-0.0,0.0,-0.0,0.0,-0.825101375579834,-0.019716739654541,-0.0,0.0,-0.7839050889015198,-0.085543155670166,-0.0,0.0,-0.6297857165336609,-0.4617233276367187,1.3971269130706787,0.0
137,-0.0,0.0,-0.0,0.0,-0.8258787393569946,-0.0186567306518554,-0.0,0.0,-0.787440836429596,-0.0848579406738281,-0.0,0.0,-0.6482018232345581,-0.4419865608215332,1.3971269130706787,0.0
138,-0.0,0.0,-0.0,0.0,-0.8266133666038513,-0.0176310539245605,-0.0,0.0,-0.7909587621688843,-0.0844302177429199,-0.0,0.0,-0.6657207608222961,-0.4204545021057129,1.3971269130706787,0.0
139,-0.0,0.0,-0.0,0.0,-0.8273066878318787,-0.0166397094726562,-0.0,0.0,-0.7944696545600891,-0.084261417388916,-0.0,0.0,-0.6822678446769714,-0.397130012512207,1.3971269130706787,0.0
140,-0.0,0.0,-0.0,0.0,-0.8279599547386169,-0.0156784057617187,-0.0,0.0,-0.7979841828346252,-0.0843486785888671,-0.0,0.0,-0.6977682113647461,-0.3720088005065918,1.3971269130706787,0.0
141,-0.0,0.0,-0.0,0.0,-0.8285747766494751,-0.0147557258605957,-0.0,0.0,-0.8015128374099731,-0.0846877098083496,-0.0,0.0,-0.7121472954750061,-0.3450980186462402,1.3971269130706787,0.0
142,-0.0,0.0,-0.0,0.0,-0.8291521668434143,-0.013857364654541,-0.0,0.0,-0.8050663471221924,-0.0852842330932617,-0.0,0.0,-0.7253300547599792,-0.3163862228393554,1.3971269130706787,0.0
143,-0.0,0.0,-0.0,0.0,-0.8296938538551331,-0.01300048828125,-0.0,0.0,-0.8086555004119873,-0.0861396789550781,-0.0,0.0,-0.7372420430183411,-0.2858877182006836,1.3971269130706787,0.0
144,-0.0,0.0,-0.0,0.0,-0.8302010297775269,-0.0121722221374511,-0.0,0.0,-0.8122909069061279,-0.087249755859375,-0.0,0.0,-0.7478082180023193,-0.2535881996154785,1.3971269130706787,0.0
145,-0.0,0.0,-0.0,0.0,-0.8306750655174255,-0.0113768577575683,-0.0,0.0,-0.8159831762313843,-0.0886144638061523,-0.0,0.0,-0.7569539546966553,-0.2194976806640625,1.3971269130706787,0.0
146,-0.0,0.0,-0.0,0.0,-0.8311173915863037,-0.0106158256530761,-0.0,0.0,-0.8197429776191711,-0.0902352333068847,-0.0,0.0,-0.7646045684814453,-0.1836147308349609,1.3971269130706787,0.0
147,-0.0,0.0,-0.0,0.0,-0.8315293788909912,-0.0098876953125,-0.0,0.0,-0.8235809803009033,-0.0921120643615722,-0.0,0.0,-0.7706851959228516,-0.14593505859375,1.3971269130706787,0.0
148,-0.0,0.0,-0.0,0.0,-0.8319123983383179,-0.0091924667358398,-0.0,0.0,-0.8275080323219299,-0.0942492485046386,-0.0,0.0,-0.7751208543777466,-0.1064558029174804,1.3971269130706787,0.0
149,-0.0,0.0,-0.0,0.0,-0.8322679996490479,-0.0085344314575195,-0.0,0.0,-0.8315345644950867,-0.0966367721557617,-0.0,0.0,-0.7778371572494507,-0.0651912689208984,1.3971269130706787,0.0
150,-0.0,0.0,-0.0,0.0,-0.8325971961021423,-0.0079007148742675,-0.0,0.0,-0.8356713056564331,-0.0992817878723144,-0.0,0.0,-0.7787591814994812,-0.0221285820007324,1.3971269130706787,0.0
151,-0.0,0.0,-0.0,0.0,-0.832901656627655,-0.0073070526123046,-0.0,0.0,-0.8399258852005005,-0.1021099090576171,-0.0,0.0,-0.7787591814994812,0.0,1.3971269130706787,0.0
152,-0.0,0.0,-0.0,0.0,-0.8331825733184814,-0.0067420005798339,-0.0,0.0,-0.8442934155464172,-0.1048207283020019,-0.0,0.0,-0.7787591814994812,0.0,1.3971269130706787,0.0
153,-0.0,0.0,-0.0,0.0,-0.8334413170814514,-0.0062098503112792,-0.0,0.0,-0.8487659692764282,-0.1073412895202636,-0.0,0.0,-0.7787591814994812,0.0,1.3971269130706787,0.0
154,-0.0,0.0,-0.0,0.0,-0.8336794376373291,-0.0057148933410644,-0.0,0.0,-0.8533354997634888,-0.1096687316894531,-0.0,0.0,-0.7787591814994812,0.0,1.3971269130706787,0.0
155,-0.0,0.0,-0.0,0.0,-0.8338980674743652,-0.0052471160888671,-0.0,0.0,-0.857994019985199,-0.1118044853210449,-0.0,0.0,-0.7787591814994812,0.0,1.3971269130706787,0.0
156,-0.0,0.0,-0.0,0.0,-0.8340986967086792,-0.0048151016235351,-0.0,0.0,-0.8627337217330933,-0.1137528419494628,-0.0,0.0,-0.7787591814994812,0.0,1.3971269130706787,0.0
157,-0.0,0.0,-0.0,0.0,-0.8342825174331665,-0.0044116973876953,-0.0,0.0,-0.8675464987754822,-0.1155066490173339,-0.0,0.0,-0.7787591814994812,0.0,1.3971269130706787,0.0
158,-0.0,0.0,-0.0,0.0,-0.8344511389732361,-0.0040469169616699,-0.0,0.0,-0.8724243640899658,-0.1170687675476074,-0.0,0.0,-0.7787591814994812,0.0,1.3971269130706787,0.0
159,-0.0,0.0,-0.0,0.0,-0.8346056342124939,-0.0037078857421875,-0.0,0.0,-0.8773593902587891,-0.1184406280517578,-0.0,0.0,-0.7787591814994812,0.0,1.3971269130706787,0.0
160,-0.0,0.0,-0.0,0.0,-0.8347476124763489,-0.0034074783325195,-0.0,0.0,-0.8823437094688416,-0.1196236610412597,-0.0,0.0,-0.7787591814994812,0.0,1.3971269130706787,0.0
161,-0.0,0.0,-0.0,0.0,-0.8348782062530518,-0.0031342506408691,-0.0,0.0,-0.8873692154884338,-0.1206121444702148,-0.0,0.0,-0.7787591814994812,0.0,1.3971269130706787,0.0
162,-0.0,0.0,-0.0,0.0,-0.8349989652633667,-0.0028982162475585,-0.0,0.0,-0.8924279808998108,-0.1214103698730468,-0.0,0.0,-0.7787591814994812,0.0,1.3971269130706787,0.0
163,-0.0,0.0,-0.0,0.0,-0.8351112008094788,-0.0026936531066894,-0.0,0.0,-0.8975120782852173,-0.1220183372497558,-0.0,0.0,-0.7787591814994812,0.0,1.3971269130706787,0.0
164,-0.0,0.0,-0.0,0.0,-0.8352161049842834,-0.0025177001953125,-0.0,0.0,-0.9026134610176086,-0.1224331855773925,-0.0,0.0,-0.7787591814994812,0.0,1.3971269130706787,0.0
165,-0.0,0.0,-0.0,0.0,-0.8353151679039001,-0.0023775100708007,-0.0,0.0,-0.9077242612838744,-0.1226592063903808,-0.0,0.0,-0.7787591814994812,0.0,1.3971269130706787,0.0
166,-0.0,0.0,-0.0,0.0,-0.8354098200798035,-0.0022716522216796,-0.0,0.0,-0.9128364324569702,-0.1226921081542968,-0.0,0.0,-0.7787591814994812,0.0,1.3971269130706787,0.0
167,-0.0,0.0,-0.0,0.0,-0.8355012536048889,-0.0021944046020507,-0.0,0.0,-0.9179420471191406,-0.1225347518920898,-0.0,0.0,-0.7787591814994812,0.0,1.3971269130706787,0.0
168,-0.0,0.0,-0.0,0.0,-0.8355909585952759,-0.0021529197692871,-0.0,0.0,-0.9230330586433412,-0.1221842765808105,-0.0,0.0,-0.7787591814994812,0.0,1.3971269130706787,0.0
169,-0.0,0.0,-0.0,0.0,-0.8356801867485046,-0.0021414756774902,-0.0,0.0,-0.9281015992164612,-0.1216449737548828,-0.0,0.0,-0.7787591814994812,0.0,1.3971269130706787,0.0
170,-0.0,0.0,-0.0,0.0,-0.835770308971405,-0.0021629333496093,-0.0,0.0,-0.9331397414207458,-0.120915412902832,-0.0,0.0,-0.7787591814994812,0.0,1.3971269130706787,0.0
171,-0.0,0.0,-0.0,0.0,-0.8358628153800964,-0.0022201538085937,-0.0,0.0,-0.9381393790245056,-0.1199913024902343,-0.0,0.0,-0.7787591814994812,0.0,1.3971269130706787,0.0
172,-0.0,0.0,-0.0,0.0,-0.8359588980674744,-0.0023059844970703,-0.0,0.0,-0.9430925846099854,-0.1188769340515136,-0.0,0.0,-0.7787591814994812,0.0,1.3971269130706787,0.0
173,-0.0,0.0,-0.0,0.0,-0.8360599875450134,-0.0024261474609375,-0.0,0.0,-0.9479914903640748,-0.1175737380981445,-0.0,0.0,-0.7787591814994812,0.0,1.3971269130706787,0.0
174,-0.0,0.0,-0.0,0.0,-0.8361673951148987,-0.002577781677246,-0.0,0.0,-0.9528279900550842,-0.1160759925842285,-0.0,0.0,-0.7787591814994812,0.0,1.3971269130706787,0.0
175,-0.0,0.0,-0.0,0.0,-0.83628249168396,-0.0027623176574707,-0.0,0.0,-0.9575941562652588,-0.1143879890441894,-0.0,0.0,-0.7787591814994812,0.0,1.3971269130706787,0.0
176,-0.0,0.0,-0.0,0.0,-0.8364066481590271,-0.0029797554016113,-0.0,0.0,-0.962282121181488,-0.1125111579895019,-0.0,0.0,-0.7787591814994812,0.0,1.3971269130706787,0.0
177,-0.0,0.0,-0.0,0.0,-0.8365412950515747,-0.0032315254211425,-0.0,0.0,-0.9668837785720824,-0.1104397773742675,-0.0,0.0,-0.7787591814994812,0.0,1.3971269130706787,0.0
178,-0.0,0.0,-0.0,0.0,-0.8366875648498535,-0.0035104751586914,-0.0,0.0,-0.971391260623932,-0.1081795692443847,-0.0,0.0,-0.7787591814994812,0.0,1.3971269130706787,0.0
179,-0.0,0.0,-0.0,0.0,-0.8368470668792725,-0.0038280487060546,-0.0,0.0,-0.9757965803146362,-0.1057276725769043,-0.0,0.0,-0.7787591814994812,0.0,1.3971269130706787,0.0
180,-0.0,0.0,-0.0,0.0,-0.8370210528373718,-0.0041756629943847,-0.0,0.0,-0.9800915718078612,-0.1030797958374023,-0.0,0.0,-0.7787591814994812,0.0,1.3971269130706787,0.0
181,-0.0,0.0,-0.0,0.0,-0.8372108340263367,-0.0045547485351562,-0.0,0.0,-0.9842686653137208,-0.100250244140625,-0.0,0.0,-0.7787591814994812,0.0,1.3971269130706787,0.0
182,-0.0,0.0,-0.0,0.0,-0.8374177813529968,-0.0049667358398437,-0.0,0.0,-0.9883196353912354,-0.0972232818603515,-0.0,0.0,-0.7787591814994812,0.0,1.3971269130706787,0.0
183,-0.0,0.0,-0.0,0.0,-0.8376433253288269,-0.0054130554199218,-0.0,0.0,-0.9922363758087158,-0.0940017700195312,-0.0,0.0,-0.7787591814994812,0.0,1.3971269130706787,0.0
184,-0.0,0.0,-0.0,0.0,-0.837888777256012,-0.0058908462524414,-0.0,0.0,-0.996011197566986,-0.0905957221984863,-0.0,0.0,-0.7787591814994812,0.0,1.3971269130706787,0.0
185,-0.0,0.0,-0.0,0.0,-0.8381555080413818,-0.0064015388488769,-0.0,0.0,-0.9996361136436462,-0.0869979858398437,-0.0,0.0,-0.7787591814994812,0.0,1.3971269130706787,0.0
186,-0.0,0.0,-0.0,0.0,-0.8384447693824768,-0.0069422721862792,-0.0,0.0,-1.0031028985977173,-0.083202838897705,-0.0,0.0,-0.7787591814994812,0.0,1.3971269130706787,0.0
187,-0.0,0.0,-0.0,0.0,-0.8387580513954163,-0.0075187683105468,-0.0,0.0,-1.0064040422439575,-0.0792274475097656,-0.0,0.0,-0.7787591814994812,0.0,1.3971269130706787,0.0
188,-0.0,0.0,-0.0,0.0,-0.8390966653823853,-0.0081267356872558,-0.0,0.0,-1.009531021118164,-0.075047492980957,-0.0,0.0,-0.7787591814994812,0.0,1.3971269130706787,0.0
189,-0.0,0.0,-0.0,0.0,-0.8394619226455688,-0.0087661743164062,-0.0,0.0,-1.0124763250350952,-0.0706872940063476,-0.0,0.0,-0.7787591814994812,0.0,1.3971269130706787,0.0
190,-0.0,0.0,-0.0,0.0,-0.8398552536964417,-0.0094399452209472,-0.0,0.0,-1.0152316093444824,-0.0661268234252929,-0.0,0.0,-0.7787591814994812,0.0,1.3971269130706787,0.0
191,-0.0,0.0,-0.0,0.0,-0.840277910232544,-0.010143756866455,-0.0,0.0,-1.0177892446517944,-0.0613832473754882,-0.0,0.0,-0.7787591814994812,0.0,1.3971269130706787,0.0
192,-0.0,0.0,-0.0,0.0,-0.8407313823699951,-0.0108833312988281,-0.0,0.0,-1.0201411247253418,-0.0564451217651367,-0.0,0.0,-0.7787591814994812,0.0,1.3971269130706787,0.0
193,-0.0,0.0,-0.0,0.0,-0.8412169218063354,-0.0116529464721679,-0.0,0.0,-1.0222790241241455,-0.051309585571289,-0.0,0.0,-0.7787591814994812,0.0,1.3971269130706787,0.0
194,-0.0,0.0,-0.0,0.0,-0.8417359590530396,-0.0124568939208984,-0.0,0.0,-1.024195432662964,-0.0459938049316406,-0.0,0.0,-0.7787591814994812,0.0,1.3971269130706787,0.0
195,-0.0,0.0,-0.0,0.0,-0.8422896862030029,-0.013289451599121,-0.0,0.0,-1.0258822441101074,-0.0404834747314453,-0.0,0.0,-0.7787591814994812,0.0,1.3971269130706787,0.0
196,-0.0,0.0,-0.0,0.0,-0.8428797721862793,-0.0141620635986328,-0.0,0.0,-1.0273312330245972,-0.0347757339477539,-0.0,0.0,-0.7787591814994812,0.0,1.3971269130706787,0.0
197,-0.0,0.0,-0.0,0.0,-0.8435072302818298,-0.0150589942932128,-0.0,0.0,-1.0285346508026123,-0.0288820266723632,-0.0,0.0,-0.7787591814994812,0.0,1.3971269130706787,0.0
198,-0.0,0.0,-0.0,0.0,-0.8441736102104187,-0.0159931182861328,-0.0,0.0,-1.029484748840332,-0.0228023529052734,-0.0,0.0,-0.7787591814994812,0.0,1.3971269130706787,0.0
199,-0.0,0.0,-0.0,0.0,-0.844880223274231,-0.0169587135314941,-0.0,0.0,-1.0301730632781982,-0.016519546508789,-0.0,0.0,-0.7787591814994812,0.0,1.3971269130706787,0.0
200,-0.0,0.0,-0.0,0.0,-0.8456284999847412,-0.017958641052246,-0.0,0.0,-1.0305919647216797,-0.0100536346435546,-0.0,0.0,-0.7787591814994812,0.0,1.3971269130706787,0.0
201,-0.0,0.0,-0.0,0.0,-0.846419632434845,-0.0189871788024902,-0.0,0.0,-1.030733346939087,-0.0033931732177734,-0.0,0.0,-0.7787591814994812,0.0,1.3971269130706787,0.0
202,-0.0,0.0,-0.0,0.0,-0.8474340438842773,-0.0243458747863769,-0.0,0.0,-1.030733346939087,0.0,-0.0,0.0,-0.7787591814994812,0.0,1.3971269130706787,0.0
203,-0.0,0.0,-0.0,0.0,-0.8488398790359497,-0.0337400436401367,-0.0,0.0,-1.030733346939087,0.0,-0.0,0.0,-0.7787591814994812,0.0,1.3971269130706787,0.0
204,-0.0,0.0,-0.0,0.0,-0.8506200313568115,-0.0427236557006835,-0.0,0.0,-1.030733346939087,0.0,-0.0,0.0,-0.7787591814994812,0.0,1.3971269130706787,0.0
205,-0.0,0.0,-0.0,0.0,-0.8527575731277466,-0.0513010025024414,-0.0,0.0,-1.030733346939087,0.0,-0.0,0.0,-0.7787591814994812,0.0,1.3971269130706787,0.0
206,-0.0,0.0,-0.0,0.0,-0.8552355170249939,-0.0594706535339355,-0.0,0.0,-1.030733346939087,0.0,-0.0,0.0,-0.7787591814994812,0.0,1.3971269130706787,0.0
207,-0.0,0.0,-0.0,0.0,-0.8580369353294373,-0.0672340393066406,-0.0,0.0,-1.030733346939087,0.0,-0.0,0.0,-0.7787591814994812,0.0,1.3971269130706787,0.0
208,-0.0,0.0,-0.0,0.0,-0.8611447215080261,-0.0745868682861328,-0.0,0.0,-1.030733346939087,0.0,-0.0,0.0,-0.7787591814994812,0.0,1.3971269130706787,0.0
209,-0.0,0.0,-0.0,0.0,-0.8645420074462891,-0.0815348625183105,-0.0,0.0,-1.030733346939087,0.0,-0.0,0.0,-0.7787591814994812,0.0,1.3971269130706787,0.0
210,-0.0,0.0,-0.0,0.0,-0.8682118058204651,-0.0880751609802246,-0.0,0.0,-1.030733346939087,0.0,-0.0,0.0,-0.7787591814994812,0.0,1.3971269130706787,0.0
211,-0.0,0.0,-0.0,0.0,-0.8721370697021484,-0.0942063331604003,-0.0,0.0,-1.030733346939087,0.0,-0.0,0.0,-0.7787591814994812,0.0,1.3971269130706787,0.0
212,-0.0,0.0,-0.0,0.0,-0.8763007521629333,-0.0999283790588378,-0.0,0.0,-1.030733346939087,0.0,-0.0,0.0,-0.7787591814994812,0.0,1.3971269130706787,0.0
213,-0.0,0.0,-0.0,0.0,-0.8806860446929932,-0.1052470207214355,-0.0,0.0,-1.030733346939087,0.0,-0.0,0.0,-0.7787591814994812,0.0,1.3971269130706787,0.0
214,-0.0,0.0,-0.0,0.0,-0.8852757811546326,-0.1101536750793457,-0.0,0.0,-1.030733346939087,0.0,-0.0,0.0,-0.7787591814994812,0.0,1.3971269130706787,0.0
215,-0.0,0.0,-0.0,0.0,-0.8900530934333801,-0.1146554946899414,-0.0,0.0,-1.030733346939087,0.0,-0.0,0.0,-0.7787591814994812,0.0,1.3971269130706787,0.0
216,-0.0,0.0,-0.0,0.0,-0.8950009942054749,-0.1187496185302734,-0.0,0.0,-1.030733346939087,0.0,-0.0,0.0,-0.7787591814994812,0.0,1.3971269130706787,0.0
217,-0.0,0.0,-0.0,0.0,-0.9001025557518005,-0.1224374771118164,-0.0,0.0,-1.030733346939087,0.0,-0.0,0.0,-0.7787591814994812,0.0,1.3971269130706787,0.0
218,-0.0,0.0,-0.0,0.0,-0.905340611934662,-0.1257133483886718,-0.0,0.0,-1.030733346939087,0.0,-0.0,0.0,-0.7787591814994812,0.0,1.3971269130706787,0.0
219,-0.0,0.0,-0.0,0.0,-0.9106983542442322,-0.1285858154296875,-0.0,0.0,-1.030733346939087,0.0,-0.0,0.0,-0.7787591814994812,0.0,1.3971269130706787,0.0
220,-0.0,0.0,-0.0,0.0,-0.9161586761474608,-0.1310477256774902,-0.0,0.0,-1.030733346939087,0.0,-0.0,0.0,-0.7787591814994812,0.0,1.3971269130706787,0.0
221,-0.0,0.0,-0.0,0.0,-0.921704649925232,-0.1331033706665039,-0.0,0.0,-1.030733346939087,0.0,-0.0,0.0,-0.7787591814994812,0.0,1.3971269130706787,0.0
222,-0.0,0.0,-0.0,0.0,-0.9273192882537842,-0.1347513198852539,-0.0,0.0,-1.030733346939087,0.0,-0.0,0.0,-0.7787591814994812,0.0,1.3971269130706787,0.0
223,-0.0,0.0,-0.0,0.0,-0.9329856038093568,-0.1359915733337402,-0.0,0.0,-1.030733346939087,0.0,-0.0,0.0,-0.7787591814994812,0.0,1.3971269130706787,0.0
224,-0.0,0.0,-0.0,0.0,-0.9386865496635436,-0.1368227005004882,-0.0,0.0,-1.030733346939087,0.0,-0.0,0.0,-0.7787591814994812,0.0,1.3971269130706787,0.0
225,-0.0,0.0,-0.0,0.0,-0.9444052577018738,-0.1372489929199218,-0.0,0.0,-1.030733346939087,0.0,-0.0,0.0,-0.7787591814994812,0.0,1.3971269130706787,0.0
226,-0.0,0.0,-0.0,0.0,-0.950124740600586,-0.1372675895690918,-0.0,0.0,-1.030733346939087,0.0,-0.0,0.0,-0.7787591814994812,0.0,1.3971269130706787,0.0
227,-0.0,0.0,-0.0,0.0,-0.9558278322219848,-0.1368741989135742,-0.0,0.0,-1.030733346939087,0.0,-0.0,0.0,-0.7787591814994812,0.0,1.3971269130706787,0.0
228,-0.0,0.0,-0.0,0.0,-0.9614978432655334,-0.136080265045166,-0.0,0.0,-1.030733346939087,0.0,-0.0,0.0,-0.7787591814994812,0.0,1.3971269130706787,0.0
229,-0.0,0.0,-0.0,0.0,-0.9671174883842468,-0.1348714828491211,-0.0,0.0,-1.030733346939087,0.0,-0.0,0.0,-0.7787591814994812,0.0,1.3971269130706787,0.0
230,-0.0,0.0,-0.0,0.0,-0.9726700186729432,-0.1332607269287109,-0.0,0.0,-1.030733346939087,0.0,-0.0,0.0,-0.7787591814994812,0.0,1.3971269130706787,0.0
231,-0.0,0.0,-0.0,0.0,-0.9781382083892822,-0.1312365531921386,-0.0,0.0,-1.030733346939087,0.0,-0.0,0.0,-0.7787591814994812,0.0,1.3971269130706787,0.0
232,-0.0,0.0,-0.0,0.0,-0.983505368232727,-0.1288118362426757,-0.0,0.0,-1.030733346939087,0.0,-0.0,0.0,-0.7787591814994812,0.0,1.3971269130706787,0.0
233,-0.0,0.0,-0.0,0.0,-0.9887542128562928,-0.1259722709655761,-0.0,0.0,-1.030733346939087,0.0,-0.0,0.0,-0.7787591814994812,0.0,1.3971269130706787,0.0
234,-0.0,0.0,-0.0,0.0,-0.993868052959442,-0.1227321624755859,-0.0,0.0,-1.030733346939087,0.0,-0.0,0.0,-0.7787591814994812,0.0,1.3971269130706787,0.0
235,-0.0,0.0,-0.0,0.0,-0.9988296627998352,-0.1190786361694336,-0.0,0.0,-1.030733346939087,0.0,-0.0,0.0,-0.7787591814994812,0.0,1.3971269130706787,0.0
236,-0.0,0.0,-0.0,0.0,-1.00362229347229,-0.115023136138916,-0.0,0.0,-1.030733346939087,0.0,-0.0,0.0,-0.7787591814994812,0.0,1.3971269130706787,0.0
237,-0.0,0.0,-0.0,0.0,-1.0082286596298218,-0.1105527877807617,-0.0,0.0,-1.030733346939087,0.0,-0.0,0.0,-0.7787591814994812,0.0,1.3971269130706787,0.0
238,-0.0,0.0,-0.0,0.0,-1.012631893157959,-0.1056776046752929,-0.0,0.0,-1.030733346939087,0.0,-0.0,0.0,-0.7787591814994812,0.0,1.3971269130706787,0.0
239,-0.0,0.0,-0.0,0.0,-1.016815185546875,-0.1003990173339843,-0.0,0.0,-1.030733346939087,0.0,-0.0,0.0,-0.7787591814994812,0.0,1.3971269130706787,0.0
240,-0.0,0.0,-0.0,0.0,-1.0207613706588743,-0.0947084426879882,-0.0,0.0,-1.030733346939087,0.0,-0.0,0.0,-0.7787591814994812,0.0,1.3971269130706787,0.0
241,-0.0,0.0,-0.0,0.0,-1.0244535207748413,-0.0886116027832031,-0.0,0.0,-1.030733346939087,0.0,-0.0,0.0,-0.7787591814994812,0.0,1.3971269130706787,0.0
242,-0.0,0.0,-0.0,0.0,-1.0278745889663696,-0.0821056365966796,-0.0,0.0,-1.030733346939087,0.0,-0.0,0.0,-0.7787591814994812,0.0,1.3971269130706787,0.0
243,-0.0,0.0,-0.0,0.0,-1.0310077667236328,-0.0751962661743164,-0.0,0.0,-1.030733346939087,0.0,-0.0,0.0,-0.7787591814994812,0.0,1.3971269130706787,0.0
244,-0.0,0.0,-0.0,0.0,-1.0338358879089355,-0.0678749084472656,-0.0,0.0,-1.030733346939087,0.0,-0.0,0.0,-0.7787591814994812,0.0,1.3971269130706787,0.0
245,-0.0,0.0,-0.0,0.0,-1.0363421440124512,-0.060150146484375,-0.0,0.0,-1.030733346939087,0.0,-0.0,0.0,-0.7787591814994812,0.0,1.3971269130706787,0.0
246,-0.0,0.0,-0.0,0.0,-1.0385092496871948,-0.0520105361938476,-0.0,0.0,-1.030733346939087,0.0,-0.0,0.0,-0.7787591814994812,0.0,1.3971269130706787,0.0
247,-0.0,0.0,-0.0,0.0,-1.0403203964233398,-0.0434675216674804,-0.0,0.0,-1.030733346939087,0.0,-0.0,0.0,-0.7787591814994812,0.0,1.3971269130706787,0.0
248,-0.0,0.0,-0.0,0.0,-1.0417587757110596,-0.0345211029052734,-0.0,0.0,-1.030733346939087,0.0,-0.0,0.0,-0.7787591814994812,0.0,1.3971269130706787,0.0
249,-0.0,0.0,-0.0,0.0,-1.0428071022033691,-0.0251598358154296,-0.0,0.0,-1.030733346939087,0.0,-0.0,0.0,-0.7787591814994812,0.0,1.3971269130706787,0.0
250,-0.0,0.0,-0.0,0.0,-1.0434486865997314,-0.0153980255126953,-0.0,0.0,-1.030733346939087,0.0,-0.0,0.0,-0.7787591814994812,0.0,1.3971269130706787,0.0
251,-0.0,0.0,-0.0,0.0,-1.0436662435531616,-0.0052213668823242,-0.0,0.0,-1.030733346939087,0.0,-0.0,0.0,-0.7787591814994812,0.0,1.3971269130706787,0.0
252,-0.0,0.0,-0.0,0.0,-1.0434781312942505,0.0045146942138671,-0.0,0.0,-1.0305343866348269,0.004775047302246,-0.0,0.0,-0.7779847979545593,0.018585205078125,1.3971269130706787,0.0
253,-0.0,0.0,-0.0,0.0,-1.042919635772705,0.0134038925170898,-0.0,0.0,-1.0299445390701294,0.0141563415527343,-0.0,0.0,-0.7757033705711365,0.0547542572021484,1.3971269130706787,0.0
254,-0.0,0.0,-0.0,0.0,-1.0419994592666626,0.0220842361450195,-0.0,0.0,-1.028974175453186,0.0232887268066406,-0.0,0.0,-0.7719777226448059,0.0894155502319336,1.3971269130706787,0.0
255,-0.0,0.0,-0.0,0.0,-1.0407260656356812,0.0305614471435546,-0.0,0.0,-1.0276340246200562,0.0321636199951171,-0.0,0.0,-0.7668706774711609,0.1225690841674804,1.3971269130706787,0.0
256,-0.0,0.0,-0.0,0.0,-1.039108157157898,0.0388298034667968,-0.0,0.0,-1.0259344577789309,0.0407896041870117,-0.0,0.0,-0.7604449987411499,0.1542162895202636,1.3971269130706787,0.0
257,-0.0,0.0,-0.0,0.0,-1.0371546745300293,0.0468835830688476,-0.0,0.0,-1.02388596534729,0.049163818359375,-0.0,0.0,-0.7527635097503662,0.1843557357788086,1.3971269130706787,0.0
258,-0.0,0.0,-0.0,0.0,-1.0348739624023438,0.0547370910644531,-0.0,0.0,-1.0214992761611938,0.0572805404663085,-0.0,0.0,-0.7438889741897583,0.2129888534545898,1.3971269130706787,0.0
259,-0.0,0.0,-0.0,0.0,-1.032274842262268,0.0623788833618164,-0.0,0.0,-1.018784761428833,0.0651483535766601,-0.0,0.0,-0.7338842153549194,0.2401142120361328,1.3971269130706787,0.0
260,-0.0,0.0,-0.0,0.0,-1.02936589717865,0.0698146820068359,-0.0,0.0,-1.015752911567688,0.0727643966674804,-0.0,0.0,-0.7228119373321533,0.2657346725463867,1.3971269130706787,0.0
261,-0.0,0.0,-0.0,0.0,-1.0261558294296265,0.0770416259765625,-0.0,0.0,-1.0124142169952393,0.0801286697387695,-0.0,0.0,-0.7107350826263428,0.2898445129394531,1.3971269130706787,0.0
262,-0.0,0.0,-0.0,0.0,-1.0226532220840454,0.0840625762939453,-0.0,0.0,-1.0087794065475464,0.0872354507446289,-0.0,0.0,-0.6977162957191467,0.3124508857727051,1.3971269130706787,0.0
263,-0.0,0.0,-0.0,0.0,-1.0188668966293335,0.0908718109130859,-0.0,0.0,-1.0048587322235107,0.0940961837768554,-0.0,0.0,-0.6838184595108032,0.3335480690002441,1.3971269130706787,0.0
264,-0.0,0.0,-0.0,0.0,-1.0148053169250488,0.097477912902832,-0.0,0.0,-1.000662922859192,0.1006994247436523,-0.0,0.0,-0.6691043376922607,0.3531389236450195,1.3971269130706787,0.0
265,-0.0,0.0,-0.0,0.0,-1.0104773044586182,0.1038722991943359,-0.0,0.0,-0.9962023496627808,0.1070537567138671,-0.0,0.0,-0.6536366939544678,0.3712234497070312,1.3971269130706787,0.0
266,-0.0,0.0,-0.0,0.0,-1.0058913230895996,0.1100635528564453,-0.0,0.0,-0.9914876222610474,0.1131534576416015,-0.0,0.0,-0.6374784111976624,0.3877987861633301,1.3971269130706787,0.0
267,-0.0,0.0,-0.0,0.0,-1.0010563135147097,0.1160402297973632,-0.0,0.0,-0.9865291714668274,0.1190028190612793,-0.0,0.0,-0.6206920742988586,0.402872085571289,1.3971269130706787,0.0
268,-0.0,0.0,-0.0,0.0,-0.9959806203842164,0.1218166351318359,-0.0,0.0,-0.9813376069068908,0.1245975494384765,-0.0,0.0,-0.603340744972229,0.4164319038391113,1.3971269130706787,0.0
269,-0.0,0.0,-0.0,0.0,-0.9906731843948364,0.1273784637451172,-0.0,0.0,-0.9759233593940736,0.1299419403076172,-0.0,0.0,-0.5854870676994324,0.4284882545471191,1.3971269130706787,0.0
270,-0.0,0.0,-0.0,0.0,-0.985142469406128,0.1327371597290039,-0.0,0.0,-0.9702970385551452,0.1350317001342773,-0.0,0.0,-0.5671938061714172,0.4390382766723633,1.3971269130706787,0.0
271,-0.0,0.0,-0.0,0.0,-0.9793972373008728,0.137885570526123,-0.0,0.0,-0.964469075202942,0.1398711204528808,-0.0,0.0,-0.5485237836837769,0.4480805397033691,1.3971269130706787,0.0
272,-0.0,0.0,-0.0,0.0,-0.9734461307525636,0.1428265571594238,-0.0,0.0,-0.9584501385688782,0.1444544792175293,-0.0,0.0,-0.5295398831367493,0.4556136131286621,1.3971269130706787,0.0
273,-0.0,0.0,-0.0,0.0,-0.9672977328300476,0.1475615501403808,-0.0,0.0,-0.9522505402565002,0.1487903594970703,-0.0,0.0,-0.5103047490119934,0.4616432189941406,1.3971269130706787,0.0
274,-0.0,0.0,-0.0,0.0,-0.9609607458114624,0.1520876884460449,-0.0,0.0,-0.945880889892578,0.1528716087341308,-0.0,0.0,-0.4908812940120697,0.4661629199981689,1.3971269130706787,0.0
275,-0.0,0.0,-0.0,0.0,-0.9544439315795898,0.1564035415649414,-0.0,0.0,-0.9393517374992372,0.1566996574401855,-0.0,0.0,-0.4713321924209595,0.4691784381866455,1.3971269130706787,0.0
276,-0.0,0.0,-0.0,0.0,-0.9477558135986328,0.1605148315429687,-0.0,0.0,-0.9326735734939576,0.1602759361267089,-0.0,0.0,-0.4517203569412231,0.4706840515136719,1.3971269130706787,0.0
277,-0.0,0.0,-0.0,0.0,-0.9409050941467284,0.1644172668457031,-0.0,0.0,-0.9258569478988647,0.1635990142822265,-0.0,0.0,-0.432108461856842,0.4706854820251465,1.3971269130706787,0.0
278,-0.0,0.0,-0.0,0.0,-0.9339004755020142,0.1681108474731445,-0.0,0.0,-0.9189122915267944,0.1666717529296875,-0.0,0.0,-0.412559449672699,0.4691762924194336,1.3971269130706787,0.0
279,-0.0,0.0,-0.0,0.0,-0.9267504811286926,0.1715998649597168,-0.0,0.0,-0.9118502140045166,0.1694898605346679,-0.0,0.0,-0.3931359052658081,0.4661650657653808,1.3971269130706787,0.0
280,-0.0,0.0,-0.0,0.0,-0.9194639325141908,0.1748771667480468,-0.0,0.0,-0.9046811461448668,0.1720576286315918,-0.0,0.0,-0.3739008605480194,0.4616410732269287,1.3971269130706787,0.0
281,-0.0,0.0,-0.0,0.0,-0.912049412727356,0.1779484748840332,-0.0,0.0,-0.8974156975746155,0.1743707656860351,-0.0,0.0,-0.3549168705940246,0.455615758895874,1.3971269130706787,0.0
282,-0.0,0.0,-0.0,0.0,-0.9045156240463256,0.1808109283447265,-0.0,0.0,-0.8900644183158875,0.1764307022094726,-0.0,0.0,-0.3362469673156738,0.4480776786804199,1.3971269130706787,0.0
283,-0.0,0.0,-0.0,0.0,-0.8968711495399475,0.1834673881530761,-0.0,0.0,-0.882637619972229,0.1782431602478027,-0.0,0.0,-0.3179536461830139,0.4390397071838379,1.3971269130706787,0.0
284,-0.0,0.0,-0.0,0.0,-0.8891246914863586,0.1859149932861328,-0.0,0.0,-0.8751460909843445,0.1797966957092285,-0.0,0.0,-0.3000999093055725,0.4284896850585937,1.3971269130706787,0.0
285,-0.0,0.0,-0.0,0.0,-0.8812848925590515,0.1881551742553711,-0.0,0.0,-0.8676000833511353,0.1811041831970214,-0.0,0.0,-0.2827486395835876,0.4164304733276367,1.3971269130706787,0.0
286,-0.0,0.0,-0.0,0.0,-0.8733605146408081,0.1901850700378418,-0.0,0.0,-0.8600103259086609,0.1821541786193847,-0.0,0.0,-0.2659623622894287,0.4028706550598144,1.3971269130706787,0.0
287,-0.0,0.0,-0.0,0.0,-0.8653600215911865,0.1920118331909179,-0.0,0.0,-0.8523871898651123,0.182955265045166,-0.0,0.0,-0.2498040199279785,0.3878002166748047,1.3971269130706787,0.0
288,-0.0,0.0,-0.0,0.0,-0.8572922348976135,0.1936268806457519,-0.0,0.0,-0.8447413444519043,0.1835002899169922,-0.0,0.0,-0.2343364357948303,0.3712220191955566,1.3971269130706787,0.0
289,-0.0,0.0,-0.0,0.0,-0.8491657376289368,0.1950359344482422,-0.0,0.0,-0.8370832204818726,0.1837949752807617,-0.0,0.0,-0.219622254371643,0.3531403541564941,1.3971269130706787,0.0
290,-0.0,0.0,-0.0,0.0,-0.8409892320632935,0.1962361335754394,-0.0,0.0,-0.8294232487678528,0.1838393211364746,-0.0,0.0,-0.2057244181632995,0.3335480690002441,1.3971269130706787,0.0
291,-0.0,0.0,-0.0,0.0,-0.8327713012695312,0.1972303390502929,-0.0,0.0,-0.821772038936615,0.183629035949707,-0.0,0.0,-0.1927055716514587,0.3124523162841797,1.3971269130706787,0.0
292,-0.0,0.0,-0.0,0.0,-0.8245206475257874,0.1980156898498535,-0.0,0.0,-0.8141402006149292,0.1831641197204589,-0.0,0.0,-0.1806287765502929,0.2898430824279785,1.3971269130706787,0.0
293,-0.0,0.0,-0.0,0.0,-0.8162460327148438,0.1985907554626464,-0.0,0.0,-0.8065381050109863,0.1824502944946289,-0.0,0.0,-0.169556438922882,0.2657361030578613,1.3971269130706787,0.0
294,-0.0,0.0,-0.0,0.0,-0.8079559206962585,0.1989626884460449,-0.0,0.0,-0.7989763021469116,0.1814832687377929,-0.0,0.0,-0.1595517992973327,0.2401113510131836,1.3971269130706787,0.0
295,-0.0,0.0,-0.0,0.0,-0.7996591925621033,0.1991214752197265,-0.0,0.0,-0.7914654016494751,0.1802616119384765,-0.0,0.0,-0.15067720413208,0.2129902839660644,1.3971269130706787,0.0
296,-0.0,0.0,-0.0,0.0,-0.791364312171936,0.1990771293640136,-0.0,0.0,-0.7840157151222229,0.1787924766540527,-0.0,0.0,-0.1429957747459411,0.1843543052673339,1.3971269130706787,0.0
297,-0.0,0.0,-0.0,0.0,-0.783079981803894,0.1988239288330078,-0.0,0.0,-0.7766380310058594,0.1770644187927246,-0.0,0.0,-0.1365700364112854,0.1542177200317382,1.3971269130706787,0.0
298,-0.0,0.0,-0.0,0.0,-0.7748149037361145,0.1983618736267089,-0.0,0.0,-0.7693426609039307,0.175088882446289,-0.0,0.0,-0.1314629912376403,0.1225690841674804,1.3971269130706787,0.0
299,-0.0,0.0,-0.0,0.0,-0.7665777206420898,0.1976923942565918,-0.0,0.0,-0.762140154838562,0.1728601455688476,-0.0,0.0,-0.127737283706665,0.0894169807434082,1.3971269130706787,0.0
300,-0.0,0.0,-0.0,0.0,-0.7583771347999573,0.1968140602111816,-0.0,0.0,-0.7550411820411682,0.1703753471374511,-0.0,0.0,-0.1254559755325317,0.0547513961791992,1.3971269130706787,0.0
301,-0.0,0.0,-0.0,0.0,-0.7502217888832092,0.1957283020019531,-0.0,0.0,-0.7480560541152954,0.1676430702209472,-0.0,0.0,-0.1246815472841262,0.0185862779617309,1.3971269130706787,0.0
302,-0.0,0.0,-0.0,0.0,-0.7421189546585083,0.1944680213928222,-0.0,0.0,-0.7411929965019226,0.1647133827209472,-0.0,0.0,-0.1246815472841262,0.0,1.3971269130706787,0.0
303,-0.0,0.0,-0.0,0.0,-0.7340705394744873,0.1931619644165039,-0.0,0.0,-0.7344502806663513,0.1618251800537109,-0.0,0.0,-0.1246815472841262,0.0,1.3971269130706787,0.0
304,-0.0,0.0,-0.0,0.0,-0.7260770797729492,0.191843032836914,-0.0,0.0,-0.7278238534927368,0.159034252166748,-0.0,0.0,-0.1246815472841262,0.0,1.3971269130706787,0.0
305,-0.0,0.0,-0.0,0.0,-0.7181392908096313,0.1905069351196289,-0.0,0.0,-0.7213096022605896,0.1563420295715332,-0.0,0.0,-0.1246815472841262,0.0,1.3971269130706787,0.0
306,-0.0,0.0,-0.0,0.0,-0.7102575898170471,0.1891608238220214,-0.0,0.0,-0.7149035334587097,0.1537456512451172,-0.0,0.0,-0.1246815472841262,0.0,1.3971269130706787,0.0
307,-0.0,0.0,-0.0,0.0,-0.7024328112602234,0.1877946853637695,-0.0,0.0,-0.7086014151573181,0.1512508392333984,-0.0,0.0,-0.1246815472841262,0.0,1.3971269130706787,0.0
308,-0.0,0.0,-0.0,0.0,-0.6946651339530945,0.1864242553710937,-0.0,0.0,-0.7023993134498596,0.1488504409790039,-0.0,0.0,-0.1246815472841262,0.0,1.3971269130706787,0.0
309,-0.0,0.0,-0.0,0.0,-0.6869553923606873,0.1850337982177734,-0.0,0.0,-0.6962930560112,0.146550178527832,-0.0,0.0,-0.1246815472841262,0.0,1.3971269130706787,0.0
310,-0.0,0.0,-0.0,0.0,-0.6793040633201599,0.1836318969726562,-0.0,0.0,-0.6902785301208496,0.1443486213684082,-0.0,0.0,-0.1246815472841262,0.0,1.3971269130706787,0.0
311,-0.0,0.0,-0.0,0.0,-0.671711802482605,0.1822142601013183,-0.0,0.0,-0.6843516826629639,0.1422443389892578,-0.0,0.0,-0.1246815472841262,0.0,1.3971269130706787,0.0
312,-0.0,0.0,-0.0,0.0,-0.6641790866851807,0.1807851791381836,-0.0,0.0,-0.6785084009170532,0.1402387619018554,-0.0,0.0,-0.1246815472841262,0.0,1.3971269130706787,0.0
313,-0.0,0.0,-0.0,0.0,-0.6567065119743347,0.1793417930603027,-0.0,0.0,-0.6727447509765625,0.1383275985717773,-0.0,0.0,-0.1246815472841262,0.0,1.3971269130706787,0.0
314,-0.0,0.0,-0.0,0.0,-0.6492947340011597,0.1778826713562011,-0.0,0.0,-0.6670565009117126,0.1365180015563964,-0.0,0.0,-0.1246815472841262,0.0,1.3971269130706787,0.0
315,-0.0,0.0,-0.0,0.0,-0.6419441103935242,0.1764149665832519,-0.0,0.0,-0.6614395380020142,0.1348071098327636,-0.0,0.0,-0.1246815472841262,0.0,1.3971269130706787,0.0
316,-0.0,0.0,-0.0,0.0,-0.6346554756164551,0.1749272346496582,-0.0,0.0,-0.6558898091316223,0.1331934928894043,-0.0,0.0,-0.1246815472841262,0.0,1.3971269130706787,0.0
317,-0.0,0.0,-0.0,0.0,-0.627429187297821,0.1734309196472168,-0.0,0.0,-0.6504033207893372,0.1316757202148437,-0.0,0.0,-0.1246815472841262,0.0,1.3971269130706787,0.0
318,-0.0,0.0,-0.0,0.0,-0.6202659606933594,0.17191743850708,-0.0,0.0,-0.6449759006500244,0.1302580833435058,-0.0,0.0,-0.1246815472841262,0.0,1.3971269130706787,0.0
319,-0.0,0.0,-0.0,0.0,-0.613166332244873,0.1703910827636718,-0.0,0.0,-0.6396034955978394,0.1289377212524414,-0.0,0.0,-0.1246815472841262,0.0,1.3971269130706787,0.0
320,-0.0,0.0,-0.0,0.0,-0.606130838394165,0.1688518524169922,-0.0,0.0,-0.6342819333076477,0.1277174949645996,-0.0,0.0,-0.1246815472841262,0.0,1.3971269130706787,0.0
321,-0.0,0.0,-0.0,0.0,-0.5991600751876831,0.1672983169555664,-0.0,0.0,-0.6290072798728943,0.126591682434082,-0.0,0.0,-0.1246815472841262,0.0,1.3971269130706787,0.0
322,-0.0,0.0,-0.0,0.0,-0.5922545790672302,0.1657319068908691,-0.0,0.0,-0.6237753033638,0.1255674362182617,-0.0,0.0,-0.1246815472841262,0.0,1.3971269130706787,0.0
323,-0.0,0.0,-0.0,0.0,-0.5854149460792542,0.1641511917114257,-0.0,0.0,-0.6185820698738098,0.1246376037597656,-0.0,0.0,-0.1246815472841262,0.0,1.3971269130706787,0.0
324,-0.0,0.0,-0.0,0.0,-0.5786417126655579,0.1625576019287109,-0.0,0.0,-0.6134233474731445,0.1238093376159668,-0.0,0.0,-0.1246815472841262,0.0,1.3971269130706787,0.0
325,-0.0,0.0,-0.0,0.0,-0.5719354748725891,0.16094970703125,-0.0,0.0,-0.6082951426506042,0.1230769157409668,-0.0,0.0,-0.1246815472841262,0.0,1.3971269130706787,0.0
326,-0.0,0.0,-0.0,0.0,-0.5652968883514404,0.1593260765075683,-0.0,0.0,-0.6031932830810547,0.1224446296691894,-0.0,0.0,-0.1246815472841262,0.0,1.3971269130706787,0.0
327,-0.0,0.0,-0.0,0.0,-0.55872642993927,0.1576910018920898,-0.0,0.0,-0.5981137156486511,0.1219096183776855,-0.0,0.0,-0.1246815472841262,0.0,1.3971269130706787,0.0
328,-0.0,0.0,-0.0,0.0,-0.5522246360778809,0.1560430526733398,-0.0,0.0,-0.5930525064468384,0.1214690208435058,-0.0,0.0,-0.1246815472841262,0.0,1.3971269130706787,0.0
329,-0.0,0.0,-0.0,0.0,-0.5457921028137207,0.1543807983398437,-0.0,0.0,-0.5880053639411926,0.121131420135498,-0.0,0.0,-0.1246815472841262,0.0,1.3971269130706787,0.0
330,-0.0,0.0,-0.0,0.0,-0.5394294857978821,0.1527028083801269,-0.0,0.0,-0.5829682946205139,0.120889663696289,-0.0,0.0,-0.1246815472841262,0.0,1.3971269130706787,0.0
331,-0.0,0.0,-0.0,0.0,-0.533137321472168,0.1510119438171386,-0.0,0.0,-0.5779371857643127,0.1207466125488281,-0.0,0.0,-0.1246815472841262,0.0,1.3971269130706787,0.0
332,-0.0,0.0,-0.0,0.0,-0.5269160270690918,0.1493110656738281,-0.0,0.0,-0.5729079246520996,0.1207022666931152,-0.0,0.0,-0.1246815472841262,0.0,1.3971269130706787,0.0
333,-0.0,0.0,-0.0,0.0,-0.5207663774490356,0.1475915908813476,-0.0,0.0,-0.5678765177726746,0.1207537651062011,-0.0,0.0,-0.1246815472841262,0.0,1.3971269130706787,0.0
334,-0.0,0.0,-0.0,0.0,-0.5146889090538025,0.1458592414855957,-0.0,0.0,-0.5628388524055481,0.1209039688110351,-0.0,0.0,-0.1246815472841262,0.0,1.3971269130706787,0.0
335,-0.0,0.0,-0.0,0.0,-0.5086840987205505,0.1441154479980468,-0.0,0.0,-0.5577907562255859,0.1211543083190918,-0.0,0.0,-0.1246815472841262,0.0,1.3971269130706787,0.0
336,-0.0,0.0,-0.0,0.0,-0.5027526021003723,0.1423559188842773,-0.0,0.0,-0.5527282953262329,0.1214990615844726,-0.0,0.0,-0.1246815472841262,0.0,1.3971269130706787,0.0
337,-0.0,0.0,-0.0,0.0,-0.496894896030426,0.1405849456787109,-0.0,0.0,-0.5476471185684204,0.1219482421875,-0.0,0.0,-0.1246815472841262,0.0,1.3971269130706787,0.0
338,-0.0,0.0,-0.0,0.0,-0.4911116361618042,0.1387982368469238,-0.0,0.0,-0.5425434708595276,0.1224875450134277,-0.0,0.0,-0.1246815472841262,0.0,1.3971269130706787,0.0
339,-0.0,0.0,-0.0,0.0,-0.4854033887386322,0.1369979381561279,-0.0,0.0,-0.5374130606651306,0.1231298446655273,-0.0,0.0,-0.1246815472841262,0.0,1.3971269130706787,0.0
340,-0.0,0.0,-0.0,0.0,-0.479770690202713,0.1351847648620605,-0.0,0.0,-0.5322518348693848,0.1238694190979003,-0.0,0.0,-0.1246815472841262,0.0,1.3971269130706787,0.0
341,-0.0,0.0,-0.0,0.0,-0.474214106798172,0.1333580017089843,-0.0,0.0,-0.5270557403564453,0.1247062683105468,-0.0,0.0,-0.1246815472841262,0.0,1.3971269130706787,0.0
342,-0.0,0.0,-0.0,0.0,-0.4687342345714569,0.1315169334411621,-0.0,0.0,-0.5218207240104675,0.1256403923034668,-0.0,0.0,-0.1246815472841262,0.0,1.3971269130706787,0.0
343,-0.0,0.0,-0.0,0.0,-0.4633316397666931,0.129662275314331,-0.0,0.0,-0.5165425539016724,0.1266760826110839,-0.0,0.0,-0.1246815472841262,0.0,1.3971269130706787,0.0
344,-0.0,0.0,-0.0,0.0,-0.4580069482326507,0.1277925968170166,-0.0,0.0,-0.5112172961235046,0.1278061866760254,-0.0,0.0,-0.1246815472841262,0.0,1.3971269130706787,0.0
345,-0.0,0.0,-0.0,0.0,-0.4527605772018432,0.1259129047393798,-0.0,0.0,-0.5058408379554749,0.1290349960327148,-0.0,0.0,-0.1246815472841262,0.0,1.3971269130706787,0.0
346,-0.0,0.0,-0.0,0.0,-0.4475932717323303,0.1240153312683105,-0.0,0.0,-0.5004090070724487,0.1303639411926269,-0.0,0.0,-0.1246815472841262,0.0,1.3971269130706787,0.0
347,-0.0,0.0,-0.0,0.0,-0.4425054788589477,0.1221070289611816,-0.0,0.0,-0.4949178397655487,0.1317880153656005,-0.0,0.0,-0.1246815472841262,0.0,1.3971269130706787,0.0
348,-0.0,0.0,-0.0,0.0,-0.4374977648258209,0.1201851367950439,-0.0,0.0,-0.4893631637096405,0.1333122253417968,-0.0,0.0,-0.1246815472841262,0.0,1.3971269130706787,0.0
349,-0.0,0.0,-0.0,0.0,-0.4325708448886871,0.1182460784912109,-0.0,0.0,-0.483740895986557,0.1349344253540039,-0.0,0.0,-0.1246815472841262,0.0,1.3971269130706787,0.0
350,-0.0,0.0,-0.0,0.0,-0.4277251362800598,0.1162970066070556,-0.0,0.0,-0.4780470132827759,0.136653184890747,-0.0,0.0,-0.1246815472841262,0.0,1.3971269130706787,0.0
351,-0.0,0.0,-0.0,0.0,-0.4229612946510315,0.1143321990966796,-0.0,0.0,-0.4722773432731628,0.1384720802307129,-0.0,0.0,-0.1246815472841262,0.0,1.3971269130706787,0.0
352,-0.0,0.0,-0.0,0.0,-0.418279230594635,0.1123695373535156,-0.0,0.0,-0.4664291143417358,0.140357494354248,-0.0,0.0,-0.1246815472841262,0.0,1.3971269130706787,0.0
353,-0.0,0.0,-0.0,0.0,-0.4136762320995331,0.1104719638824462,-0.0,0.0,-0.4605045616626739,0.1421892642974853,-0.0,0.0,-0.1246815472841262,0.0,1.3971269130706787,0.0
354,-0.0,0.0,-0.0,0.0,-0.409149169921875,0.1086494922637939,-0.0,0.0,-0.4545071125030517,0.1439387798309326,-0.0,0.0,-0.1246815472841262,0.0,1.3971269130706787,0.0
355,-0.0,0.0,-0.0,0.0,-0.4046946167945862,0.1069092750549316,-0.0,0.0,-0.4484402537345886,0.1456046104431152,-0.0,0.0,-0.1246815472841262,0.0,1.3971269130706787,0.0
356,-0.0,0.0,-0.0,0.0,-0.4003093838691711,0.1052455902099609,-0.0,0.0,-0.4423074722290039,0.1471867561340332,-0.0,0.0,-0.1246815472841262,0.0,1.3971269130706787,0.0
357,-0.0,0.0,-0.0,0.0,-0.3959901034832001,0.1036627292633056,-0.0,0.0,-0.4361121654510498,0.1486873626708984,-0.0,0.0,-0.1246815472841262,0.0,1.3971269130706787,0.0
358,-0.0,0.0,-0.0,0.0,-0.3917335867881775,0.1021564006805419,-0.0,0.0,-0.4298579096794128,0.1501021385192871,-0.0,0.0,-0.1246815472841262,0.0,1.3971269130706787,0.0
359,-0.0,0.0,-0.0,0.0,-0.3875365257263183,0.1007294654846191,-0.0,0.0,-0.4235481023788452,0.151435375213623,-0.0,0.0,-0.1246815472841262,0.0,1.3971269130706787,0.0
360,-0.0,0.0,-0.0,0.0,-0.3833955824375152,0.0993826389312744,-0.0,0.0,-0.4171862602233886,0.152684211730957,-0.0,0.0,-0.1246815472841262,0.0,1.3971269130706787,0.0
361,-0.0,0.0,-0.0,0.0,-0.3793075382709503,0.0981130599975586,-0.0,0.0,-0.4107758104801178,0.1538507938385009,-0.0,0.0,-0.1246815472841262,0.0,1.3971269130706787,0.0
362,-0.0,0.0,-0.0,0.0,-0.3752690851688385,0.0969228744506836,-0.0,0.0,-0.4043202698230743,0.1549329757690429,-0.0,0.0,-0.1246815472841262,0.0,1.3971269130706787,0.0
363,-0.0,0.0,-0.0,0.0,-0.3712769746780395,0.0958106517791748,-0.0,0.0,-0.3978230953216553,0.1559321880340576,-0.0,0.0,-0.1246815472841262,0.0,1.3971269130706787,0.0
364,-0.0,0.0,-0.0,0.0,-0.367327868938446,0.0947785377502441,-0.0,0.0,-0.3912877440452575,0.1568484306335449,-0.0,0.0,-0.1246815472841262,0.0,1.3971269130706787,0.0
365,-0.0,0.0,-0.0,0.0,-0.3634185492992401,0.0938236713409423,-0.0,0.0,-0.3847176730632782,0.1576817035675048,-0.0,0.0,-0.1246815472841262,0.0,1.3971269130706787,0.0
366,-0.0,0.0,-0.0,0.0,-0.3595456480979919,0.092949628829956,-0.0,0.0,-0.3781163692474365,0.1584312915802002,-0.0,0.0,-0.1246815472841262,0.0,1.3971269130706787,0.0
367,-0.0,0.0,-0.0,0.0,-0.355705976486206,0.0921521186828613,-0.0,0.0,-0.3714873492717743,0.1590964794158935,-0.0,0.0,-0.1246815472841262,0.0,1.3971269130706787,0.0
368,-0.0,0.0,-0.0,0.0,-0.3518962264060974,0.0914340019226074,-0.0,0.0,-0.3648340404033661,0.1596794128417968,-0.0,0.0,-0.1246815472841262,0.0,1.3971269130706787,0.0
369,-0.0,0.0,-0.0,0.0,-0.348113089799881,0.0907952785491943,-0.0,0.0,-0.3581598997116089,0.1601793766021728,-0.0,0.0,-0.1246815472841262,0.0,1.3971269130706787,0.0
370,-0.0,0.0,-0.0,0.0,-0.3443532884120941,0.0902352333068847,-0.0,0.0,-0.351468414068222,0.1605956554412841,-0.0,0.0,-0.1246815472841262,0.0,1.3971269130706787,0.0
371,-0.0,0.0,-0.0,0.0,-0.3406135439872741,0.0897538661956787,-0.0,0.0,-0.3447630703449249,0.1609282493591308,-0.0,0.0,-0.1246815472841262,0.0,1.3971269130706787,0.0
372,-0.0,0.0,-0.0,0.0,-0.3368906080722809,0.0893504619598388,-0.0,0.0,-0.3380473256111145,0.1611778736114502,-0.0,0.0,-0.1246815472841262,0.0,1.3971269130706787,0.0
373,-0.0,0.0,-0.0,0.0,-0.3331811726093292,0.0890264511108398,-0.0,0.0,-0.3313246369361877,0.1613445281982422,-0.0,0.0,-0.1246815472841262,0.0,1.3971269130706787,0.0
374,-0.0,0.0,-0.0,0.0,-0.3294819593429565,0.0887811183929443,-0.0,0.0,-0.324598491191864,0.1614274978637695,-0.0,0.0,-0.1246815472841262,0.0,1.3971269130706787,0.0
375,-0.0,0.0,-0.0,0.0,-0.3257896900177002,0.0886144638061523,-0.0,0.0,-0.3178723752498626,0.1614267826080322,-0.0,0.0,-0.1246815472841262,0.0,1.3971269130706787,0.0
376,-0.0,0.0,-0.0,0.0,-0.3221010863780975,0.0885264873504638,-0.0,0.0,-0.3111497759819031,0.1613423824310302,-0.0,0.0,-0.1246815472841262,0.0,1.3971269130706787,0.0
377,-0.0,0.0,-0.0,0.0,-0.3184128403663635,0.0885179042816162,-0.0,0.0,-0.3044341206550598,0.1611757278442382,-0.0,0.0,-0.1246815472841262,0.0,1.3971269130706787,0.0
378,-0.0,0.0,-0.0,0.0,-0.3147217035293579,0.0885872840881347,-0.0,0.0,-0.2977288663387298,0.1609261035919189,-0.0,0.0,-0.1246815472841262,0.0,1.3971269130706787,0.0
379,-0.0,0.0,-0.0,0.0,-0.3110243678092956,0.0887360572814941,-0.0,0.0,-0.2910374999046325,0.1605927944183349,-0.0,0.0,-0.1246815472841262,0.0,1.3971269130706787,0.0
380,-0.0,0.0,-0.0,0.0,-0.3073175549507141,0.088963508605957,-0.0,0.0,-0.2843635380268097,0.160175085067749,-0.0,0.0,-0.1246815472841262,0.0,1.3971269130706787,0.0
381,-0.0,0.0,-0.0,0.0,-0.3035980463027954,0.0892682075500488,-0.0,0.0,-0.2777104079723358,0.159675121307373,-0.0,0.0,-0.1246815472841262,0.0,1.3971269130706787,0.0
382,-0.0,0.0,-0.0,0.0,-0.2998624742031097,0.089653730392456,-0.0,0.0,-0.2710815966129303,0.1590914726257324,-0.0,0.0,-0.1246815472841262,0.0,1.3971269130706787,0.0
383,-0.0,0.0,-0.0,0.0,-0.2961075603961944,0.0901179313659668,-0.0,0.0,-0.2644805610179901,0.1584248542785644,-0.0,0.0,-0.1246815472841262,0.0,1.3971269130706787,0.0
384,-0.0,0.0,-0.0,0.0,-0.2923301160335541,0.0906586647033691,-0.0,0.0,-0.2579107880592346,0.1576745510101318,-0.0,0.0,-0.1246815472841262,0.0,1.3971269130706787,0.0
385,-0.0,0.0,-0.0,0.0,-0.2885267734527588,0.0912802219390869,-0.0,0.0,-0.2513757348060608,0.1568412780761718,-0.0,0.0,-0.1246815472841262,0.0,1.3971269130706787,0.0
386,-0.0,0.0,-0.0,0.0,-0.2846943140029907,0.0919790267944336,-0.0,0.0,-0.2448789030313491,0.1559239625930786,-0.0,0.0,-0.1246815472841262,0.0,1.3971269130706787,0.0
387,-0.0,0.0,-0.0,0.0,-0.2808293402194977,0.092759370803833,-0.0,0.0,-0.2384237200021743,0.1549243927001953,-0.0,0.0,-0.1246815472841262,0.0,1.3971269130706787,0.0
388,-0.0,0.0,-0.0,0.0,-0.2769286930561065,0.0936155319213867,-0.0,0.0,-0.2320137023925781,0.15384042263031,-0.0,0.0,-0.1246815472841262,0.0,1.3971269130706787,0.0
389,-0.0,0.0,-0.0,0.0,-0.2729890644550323,0.0945510864257812,-0.0,0.0,-0.2256522625684738,0.1526745557785034,-0.0,0.0,-0.1246815472841262,0.0,1.3971269130706787,0.0
390,-0.0,0.0,-0.0,0.0,-0.2690071165561676,0.0955667495727539,-0.0,0.0,-0.2193429619073867,0.1514232158660888,-0.0,0.0,-0.1246815472841262,0.0,1.3971269130706787,0.0
391,-0.0,0.0,-0.0,0.0,-0.2649796307086944,0.0966596603393554,-0.0,0.0,-0.2130891531705856,0.1500914096832275,-0.0,0.0,-0.1246815472841262,0.0,1.3971269130706787,0.0
392,-0.0,0.0,-0.0,0.0,-0.2609033286571502,0.0978312492370605,-0.0,0.0,-0.2068944126367569,0.1486737728118896,-0.0,0.0,-0.1246815472841262,0.0,1.3971269130706787,0.0
393,-0.0,0.0,-0.0,0.0,-0.25677490234375,0.0990822315216064,-0.0,0.0,-0.2007621377706527,0.147174596786499,-0.0,0.0,-0.1246815472841262,0.0,1.3971269130706787,0.0
394,-0.0,0.0,-0.0,0.0,-0.2525910139083862,0.1004133224487304,-0.0,0.0,-0.1946958750486374,0.1455903053283691,-0.0,0.0,-0.1246815472841262,0.0,1.3971269130706787,0.0
395,-0.0,0.0,-0.0,0.0,-0.248348519206047,0.1018198728561401,-0.0,0.0,-0.1886990368366241,0.1439241170883178,-0.0,0.0,-0.1246815472841262,0.0,1.3971269130706787,0.0
396,-0.0,0.0,-0.0,0.0,-0.2440439909696579,0.1033086776733398,-0.0,0.0,-0.18277508020401,0.1421749591827392,-0.0,0.0,-0.1246815472841262,0.0,1.3971269130706787,0.0
397,-0.0,0.0,-0.0,0.0,-0.239674225449562,0.1048743724822998,-0.0,0.0,-0.1769275665283203,0.1403403282165527,-0.0,0.0,-0.1246815472841262,0.0,1.3971269130706787,0.0
398,-0.0,0.0,-0.0,0.0,-0.2352359443902969,0.1065187454223632,-0.0,0.0,-0.171159878373146,0.1384245157241821,-0.0,0.0,-0.1246815472841262,0.0,1.3971269130706787,0.0
399,-0.0,0.0,-0.0,0.0,-0.2307258546352386,0.1082421541213989,-0.0,0.0,-0.1654755026102066,0.1364250183105468,-0.0,0.0,-0.1246815472841262,0.0,1.3971269130706787,0.0
400,-0.0,0.0,-0.0,0.0,-0.2261407077312469,0.1100435256958007,-0.0,0.0,-0.1598779559135437,0.1343411207199096,-0.0,0.0,-0.1246815472841262,0.0,1.3971269130706787,0.0
401,-0.0,0.0,-0.0,0.0,-0.2214771211147308,0.1119260787963867,-0.0,0.0,-0.1543706506490707,0.132175326347351,-0.0,0.0,-0.1246815472841262,0.0,1.3971269130706787,0.0
402,-0.0,0.0,-0.0,0.0,-0.2167336344718933,0.1138436794281005,-0.0,0.0,-0.14895661175251,0.129936933517456,-0.0,0.0,-0.1244579404592514,0.005366563796997,1.3971269130706787,0.0
403,-0.0,0.0,-0.0,0.0,-0.2119155079126358,0.1156350374221801,-0.0,0.0,-0.1436369568109512,0.1276717185974121,-0.0,0.0,-0.1237991899251937,0.0158100128173828,1.3971269130706787,0.0
404,-0.0,0.0,-0.0,0.0,-0.207029789686203,0.1172572374343872,-0.0,0.0,-0.1384122669696808,0.1253925561904907,-0.0,0.0,-0.1227234303951263,0.0258182287216186,1.3971269130706787,0.0
405,-0.0,0.0,-0.0,0.0,-0.2020835131406784,0.1187106370925903,-0.0,0.0,-0.13328318297863,0.1230980157852172,-0.0,0.0,-0.1212487965822219,0.0353912115097045,1.3971269130706787,0.0
406,-0.0,0.0,-0.0,0.0,-0.1970836967229843,0.1199955940246582,-0.0,0.0,-0.128250315785408,0.1207888126373291,-0.0,0.0,-0.119393415749073,0.0445291399955749,1.3971269130706787,0.0
407,-0.0,0.0,-0.0,0.0,-0.192037358880043,0.1211121082305908,-0.0,0.0,-0.1233142763376236,0.1184649467468261,-0.0,0.0,-0.1171754300594329,0.053231656551361,1.3971269130706787,0.0
408,-0.0,0.0,-0.0,0.0,-0.1869515478610992,0.1220594644546508,-0.0,0.0,-0.1184756979346275,0.1161258816719055,-0.0,0.0,-0.1146129518747329,0.0614994764328002,1.3971269130706787,0.0
409,-0.0,0.0,-0.0,0.0,-0.1818332970142364,0.122838020324707,-0.0,0.0,-0.1137351915240287,0.1137721538543701,-0.0,0.0,-0.1117241308093071,0.0693317055702209,1.3971269130706787,0.0
410,-0.0,0.0,-0.0,0.0,-0.1766896247863769,0.1234481334686279,-0.0,0.0,-0.1090933829545974,0.1114034056663513,-0.0,0.0,-0.1085270792245864,0.0767292380332946,1.3971269130706787,0.0
411,-0.0,0.0,-0.0,0.0,-0.1715275645256042,0.1238894462585449,-0.0,0.0,-0.1045508831739425,0.1090199947357177,-0.0,0.0,-0.1050399392843246,0.0836913585662841,1.3971269130706787,0.0
412,-0.0,0.0,-0.0,0.0,-0.1663541197776794,0.1241626739501953,-0.0,0.0,-0.1001083254814148,0.1066213846206665,-0.0,0.0,-0.1012808382511138,0.0902184247970581,1.3971269130706787,0.0
413,-0.0,0.0,-0.0,0.0,-0.1611763685941696,0.1242660284042358,-0.0,0.0,-0.0957663208246231,0.1042081117630004,-0.0,0.0,-0.0972679108381271,0.0963102579116821,1.3971269130706787,0.0
414,-0.0,0.0,-0.0,0.0,-0.1560013145208358,0.1242012977600097,-0.0,0.0,-0.0915254801511764,0.1017801761627197,-0.0,0.0,-0.0930192694067955,0.1019673943519592,1.3971269130706787,0.0
415,-0.0,0.0,-0.0,0.0,-0.1508359760046005,0.1239681243896484,-0.0,0.0,-0.0873864293098449,0.0993372201919555,-0.0,0.0,-0.0885530710220336,0.1071887612342834,1.3971269130706787,0.0
416,-0.0,0.0,-0.0,0.0,-0.1456873714923858,0.1235665082931518,-0.0,0.0,-0.0833497941493988,0.096879243850708,-0.0,0.0,-0.0838874354958534,0.1119752526283264,1.3971269130706787,0.0
417,-0.0,0.0,-0.0,0.0,-0.1405625939369201,0.1229946613311767,-0.0,0.0,-0.0794161781668663,0.09440678358078,-0.0,0.0,-0.0790404975414276,0.1163265109062194,1.3971269130706787,0.0
418,-0.0,0.0,-0.0,0.0,-0.1354685872793197,0.1222561597824096,-0.0,0.0,-0.0755862221121788,0.0919189453125,-0.0,0.0,-0.0740303844213485,0.1202427148818969,1.3971269130706787,0.0
419,-0.0,0.0,-0.0,0.0,-0.1304124444723129,0.121347427368164,-0.0,0.0,-0.0718605294823646,0.0894166231155395,-0.0,0.0,-0.0688752084970474,0.1237242221832275,1.3971269130706787,0.0
420,-0.0,0.0,-0.0,0.0,-0.1254011839628219,0.1202702522277832,-0.0,0.0,-0.0682397112250328,0.0868996381759643,-0.0,0.0,-0.0635931417346,0.1267696022987365,1.3971269130706787,0.0
421,-0.0,0.0,-0.0,0.0,-0.1204418092966079,0.1190249919891357,-0.0,0.0,-0.0647244080901146,0.0843672752380371,-0.0,0.0,-0.0582022704184055,0.1293809115886688,1.3971269130706787,0.0
422,-0.0,0.0,-0.0,0.0,-0.1155413761734962,0.1176103949546814,-0.0,0.0,-0.0613152272999286,0.0818203389644622,-0.0,0.0,-0.0527207553386688,0.131556361913681,1.3971269130706787,0.0
423,-0.0,0.0,-0.0,0.0,-0.1107068955898284,0.1160275340080261,-0.0,0.0,-0.0580127909779548,0.0792584717273712,-0.0,0.0,-0.0471667163074016,0.133296936750412,1.3971269130706787,0.0
424,-0.0,0.0,-0.0,0.0,-0.1059454083442688,0.1142756938934326,-0.0,0.0,-0.054817721247673,0.0766816735267639,-0.0,0.0,-0.0415582917630672,0.1346021890640258,1.3971269130706787,0.0
425,-0.0,0.0,-0.0,0.0,-0.10126394033432,0.1123552322387695,-0.0,0.0,-0.0517306178808212,0.0740904808044433,-0.0,0.0,-0.0359135866165161,0.1354729235172271,1.3971269130706787,0.0
426,-0.0,0.0,-0.0,0.0,-0.0966695100069046,0.1102663278579711,-0.0,0.0,-0.048752125352621,0.0714838206768035,-0.0,0.0,-0.0302507728338241,0.1359075307846069,1.3971269130706787,0.0
427,-0.0,0.0,-0.0,0.0,-0.092169165611267,0.1080082654953002,-0.0,0.0,-0.0458828583359718,0.0688624083995819,-0.0,0.0,-0.024587944149971,0.1359078884124755,1.3971269130706787,0.0
428,-0.0,0.0,-0.0,0.0,-0.0877699255943298,0.1055817604064941,-0.0,0.0,-0.0431234277784824,0.0662263333797454,-0.0,0.0,-0.0189432650804519,0.135472297668457,1.3971269130706787,0.0
429,-0.0,0.0,-0.0,0.0,-0.0834788158535957,0.1029866337776184,-0.0,0.0,-0.0404744483530521,0.0635755062103271,-0.0,0.0,-0.0133348107337951,0.1346029043197631,1.3971269130706787,0.0
430,-0.0,0.0,-0.0,0.0,-0.0793028771877288,0.1002225279808044,-0.0,0.0,-0.0379365533590316,0.060909479856491,-0.0,0.0,-0.0077807903289794,0.1332964897155761,1.3971269130706787,0.0
431,-0.0,0.0,-0.0,0.0,-0.0752491280436515,0.0972899794578552,-0.0,0.0,-0.0355103388428688,0.0582291483879089,-0.0,0.0,-0.0022992715239524,0.1315564513206482,1.3971269130706787,0.0
432,-0.0,0.0,-0.0,0.0,-0.0713246017694473,0.0941886305809021,-0.0,0.0,-0.0331964530050754,0.0555332601070404,-0.0,0.0,0.0030915737152099,0.1293802857398986,1.3971269130706787,0.0
433,-0.0,0.0,-0.0,0.0,-0.0675363168120384,0.0909188389778137,-0.0,0.0,-0.0309955030679702,0.0528227984905242,-0.0,0.0,0.0083736777305603,0.1267704963684082,1.3971269130706787,0.0
434,-0.0,0.0,-0.0,0.0,-0.0638913363218307,0.0874795317649841,-0.0,0.0,-0.0289081092923879,0.0500974506139755,-0.0,0.0,0.0135288462042808,0.1237240433692932,1.3971269130706787,0.0
435,-0.0,0.0,-0.0,0.0,-0.0603966563940048,0.0838723182678222,-0.0,0.0,-0.0269348882138729,0.0473573058843612,-0.0,0.0,0.0185389444231987,0.1202423572540283,1.3971269130706787,0.0
436,-0.0,0.0,-0.0,0.0,-0.0570593103766441,0.0800963044166565,-0.0,0.0,-0.0250764582306146,0.0446023195981979,-0.0,0.0,0.0233858972787857,0.1163268685340881,1.3971269130706787,0.0
437,-0.0,0.0,-0.0,0.0,-0.0538863278925418,0.0761515796184539,-0.0,0.0,-0.0233334396034479,0.0418324470520019,-0.0,0.0,0.0280515253543853,0.111975073814392,1.3971269130706787,0.0
438,-0.0,0.0,-0.0,0.0,-0.0508847534656524,0.072037786245346,-0.0,0.0,-0.0217064470052719,0.039047822356224,-0.0,0.0,0.0325177162885665,0.1071885824203491,1.3971269130706787,0.0
439,-0.0,0.0,-0.0,0.0,-0.0480616204440593,0.0677551925182342,-0.0,0.0,-0.0201961174607276,0.0362479090690612,-0.0,0.0,0.0367663353681564,0.1019668579101562,1.3971269130706787,0.0
440,-0.0,0.0,-0.0,0.0,-0.045423936098814,0.0633044242858886,-0.0,0.0,-0.0188030339777469,0.0334340035915374,-0.0,0.0,0.0407792776823043,0.0963106155395507,1.3971269130706787,0.0
441,-0.0,0.0,-0.0,0.0,-0.0429787188768386,0.0586852133274078,-0.0,0.0,-0.0175278522074222,0.0306043624877929,-0.0,0.0,0.0445383936166763,0.0902187824249267,1.3971269130706787,0.0
442,-0.0,0.0,-0.0,0.0,-0.0407330319285392,0.0538964867591857,-0.0,0.0,-0.016371177509427,0.0277601927518844,-0.0,0.0,0.0480255186557769,0.0836910009384155,1.3971269130706787,0.0
443,-0.0,0.0,-0.0,0.0,-0.0386938750743866,0.0489397644996643,-0.0,0.0,-0.0153336320072412,0.0249010920524597,-0.0,0.0,0.0512225627899169,0.0767290592193603,1.3971269130706787,0.0
444,-0.0,0.0,-0.0,0.0,-0.0368683189153671,0.0438133478164672,-0.0,0.0,-0.0144158350303769,0.0220271274447441,-0.0,0.0,0.054111436009407,0.0693329572677612,1.3971269130706787,0.0
445,-0.0,0.0,-0.0,0.0,-0.0352633520960807,0.0385192036628723,-0.0,0.0,-0.0136183956637978,0.0191385447978973,-0.0,0.0,0.056673914194107,0.0614994764328002,1.3971269130706787,0.0
446,-0.0,0.0,-0.0,0.0,-0.033886007964611,0.0330562591552734,-0.0,0.0,-0.012941937893629,0.0162349864840507,-0.0,0.0,0.0588918924331665,0.0532314777374267,1.3971269130706787,0.0
447,-0.0,0.0,-0.0,0.0,-0.0327433347702026,0.027424156665802,-0.0,0.0,-0.0123870773240923,0.0133166536688804,-0.0,0.0,0.06074720621109,0.044527530670166,1.3971269130706787,0.0
448,-0.0,0.0,-0.0,0.0,-0.0318423509597778,0.0216236114501953,-0.0,0.0,-0.0119544565677642,0.0103828981518745,-0.0,0.0,0.0622219145298004,0.0353929996490478,1.3971269130706787,0.0
449,-0.0,0.0,-0.0,0.0,-0.0311900973320007,0.0156540870666503,-0.0,0.0,-0.0116446865722537,0.0074344798922538,-0.0,0.0,0.0632976591587066,0.02581787109375,1.3971269130706787,0.0
450,-0.0,0.0,-0.0,0.0,-0.0307935923337936,0.0095161199569702,-0.0,0.0,-0.0114583484828472,0.0044721141457557,-0.0,0.0,0.0639563798904419,0.0158092975616455,1.3971269130706787,0.0
451,-0.0,0.0,-0.0,0.0,-0.0306598600000143,0.003209576010704,-0.0,0.0,-0.0113960886374115,0.0014942362904548,-0.0,0.0,0.0641799941658973,0.0053667426109313,1.3971269130706787,0.0
452,-0.0,0.0,-0.0,0.0,-0.0306598600000143,0.0,-0.0,0.0,-0.0113960886374115,0.0,-0.0,0.0,0.0641799941658973,0.0,1.3971269130706787,0.0
453,-0.0,0.0,-0.0,0.0,-0.0306598600000143,0.0,-0.0,0.0,-0.0113960886374115,0.0,-0.0,0.0,0.0641799941658973,0.0,1.3971269130706787,0.0
454,-0.0,0.0,-0.0,0.0,-0.0306598600000143,0.0,-0.0,0.0,-0.0113960886374115,0.0,-0.0,0.0,0.0641799941658973,0.0,1.3971269130706787,0.0
455,-0.0,0.0,-0.0,0.0,-0.0306598600000143,0.0,-0.0,0.0,-0.0113960886374115,0.0,-0.0,0.0,0.0641799941658973,0.0,1.3971269130706787,0.0
456,-0.0,0.0,-0.0,0.0,-0.0306598600000143,0.0,-0.0,0.0,-0.0113960886374115,0.0,-0.0,0.0,0.0641799941658973,0.0,1.3971269130706787,0.0
457,-0.0,0.0,-0.0,0.0,-0.0306598600000143,0.0,-0.0,0.0,-0.0113960886374115,0.0,-0.0,0.0,0.0641799941658973,0.0,1.3971269130706787,0.0
458,-0.0,0.0,-0.0,0.0,-0.0306598600000143,0.0,-0.0,0.0,-0.0113960886374115,0.0,-0.0,0.0,0.0641799941658973,0.0,1.3971269130706787,0.0
459,-0.0,0.0,-0.0,0.0,-0.0306598600000143,0.0,-0.0,0.0,-0.0113960886374115,0.0,-0.0,0.0,0.0641799941658973,0.0,1.3971269130706787,0.0
460,-0.0,0.0,-0.0,0.0,-0.0306598600000143,0.0,-0.0,0.0,-0.0113960886374115,0.0,-0.0,0.0,0.0641799941658973,0.0,1.3971269130706787,0.0
